*********************************** Please show me a random recipe from my list

---------
NodeOutput{node=__START__, state={
	messages=[
	UserMessage { name = null contents = [TextContent { text = "Please show me a random recipe from my list" }] }
	]
	tool_execution_results=[]
	}}
--------


---------
NodeOutput{node=model, state={
	messages=[
	UserMessage { name = null contents = [TextContent { text = "Please show me a random recipe from my list" }] }
	AiMessage { text = null, thinking = null, toolExecutionRequests = [ToolExecutionRequest { id = "call_0kA23gOlkOPYf0YVDfdYjorZ", name = "getAllRecipes", arguments = "{}" }], attributes = {} }
	]
	tool_execution_results=[]
	}}
--------


---------
NodeOutput{node=action_dispatcher, state={
	next_action=getAllRecipes
	messages=[
	UserMessage { name = null contents = [TextContent { text = "Please show me a random recipe from my list" }] }
	AiMessage { text = null, thinking = null, toolExecutionRequests = [ToolExecutionRequest { id = "call_0kA23gOlkOPYf0YVDfdYjorZ", name = "getAllRecipes", arguments = "{}" }], attributes = {} }
	]
	tool_execution_results=[]
	}}
--------


---------
NodeOutput{node=getAllRecipes, state={
	next_action=getAllRecipes
	messages=[
	UserMessage { name = null contents = [TextContent { text = "Please show me a random recipe from my list" }] }
	AiMessage { text = null, thinking = null, toolExecutionRequests = [ToolExecutionRequest { id = "call_0kA23gOlkOPYf0YVDfdYjorZ", name = "getAllRecipes", arguments = "{}" }], attributes = {} }
	]
	tool_execution_results=[
	ToolExecutionResultMessage { id = "call_0kA23gOlkOPYf0YVDfdYjorZ" toolName = "getAllRecipes" text = "[ {
  "id" : "fd93af22-5a2a-4cc8-8108-aa68ceec46e2",
  "title" : "15 Minute Swedish Meatballs",
  "tags" : [ "Easy", "Comfort Food", "Vegetarian", "Main Course" ]
}, {
  "id" : "fd49a053-ccac-4d93-b483-e18ad5f7690a",
  "title" : "27 Diagrams That Make Cooking So Much Easier",
  "tags" : [ "Technique", "Main Course" ]
}, {
  "id" : "09f77129-941c-4b30-b740-60c10d983cc6",
  "title" : "6585ab180b6b7b8902a5db9e",
  "tags" : [ "Medium", "Main Course", "Vegetable" ]
}, {
  "id" : "0bb9b040-2bb8-4f90-98f0-37dd2b791cd7",
  "title" : "All-Purpose Cornbread",
  "tags" : [ "Vegetarian", "Bread" ]
}, {
  "id" : "02a4c477-ad4d-4aec-88af-4f488b976fd7",
  "title" : "All-Purpose Gravy",
  "tags" : [ "Sauce" ]
} ]" }
	]
	}}
--------


---------
NodeOutput{node=action_dispatcher, state={
	messages=[
	UserMessage { name = null contents = [TextContent { text = "Please show me a random recipe from my list" }] }
	AiMessage { text = null, thinking = null, toolExecutionRequests = [ToolExecutionRequest { id = "call_0kA23gOlkOPYf0YVDfdYjorZ", name = "getAllRecipes", arguments = "{}" }], attributes = {} }
	ToolExecutionResultMessage { id = "call_0kA23gOlkOPYf0YVDfdYjorZ" toolName = "getAllRecipes" text = "[ {
  "id" : "fd93af22-5a2a-4cc8-8108-aa68ceec46e2",
  "title" : "15 Minute Swedish Meatballs",
  "tags" : [ "Easy", "Comfort Food", "Vegetarian", "Main Course" ]
}, {
  "id" : "fd49a053-ccac-4d93-b483-e18ad5f7690a",
  "title" : "27 Diagrams That Make Cooking So Much Easier",
  "tags" : [ "Technique", "Main Course" ]
}, {
  "id" : "09f77129-941c-4b30-b740-60c10d983cc6",
  "title" : "6585ab180b6b7b8902a5db9e",
  "tags" : [ "Medium", "Main Course", "Vegetable" ]
}, {
  "id" : "0bb9b040-2bb8-4f90-98f0-37dd2b791cd7",
  "title" : "All-Purpose Cornbread",
  "tags" : [ "Vegetarian", "Bread" ]
}, {
  "id" : "02a4c477-ad4d-4aec-88af-4f488b976fd7",
  "title" : "All-Purpose Gravy",
  "tags" : [ "Sauce" ]
} ]" }
	]
	tool_execution_results=[]
	}}
--------


---------
NodeOutput{node=model, state={
	messages=[
	UserMessage { name = null contents = [TextContent { text = "Please show me a random recipe from my list" }] }
	AiMessage { text = null, thinking = null, toolExecutionRequests = [ToolExecutionRequest { id = "call_0kA23gOlkOPYf0YVDfdYjorZ", name = "getAllRecipes", arguments = "{}" }], attributes = {} }
	ToolExecutionResultMessage { id = "call_0kA23gOlkOPYf0YVDfdYjorZ" toolName = "getAllRecipes" text = "[ {
  "id" : "fd93af22-5a2a-4cc8-8108-aa68ceec46e2",
  "title" : "15 Minute Swedish Meatballs",
  "tags" : [ "Easy", "Comfort Food", "Vegetarian", "Main Course" ]
}, {
  "id" : "fd49a053-ccac-4d93-b483-e18ad5f7690a",
  "title" : "27 Diagrams That Make Cooking So Much Easier",
  "tags" : [ "Technique", "Main Course" ]
}, {
  "id" : "09f77129-941c-4b30-b740-60c10d983cc6",
  "title" : "6585ab180b6b7b8902a5db9e",
  "tags" : [ "Medium", "Main Course", "Vegetable" ]
}, {
  "id" : "0bb9b040-2bb8-4f90-98f0-37dd2b791cd7",
  "title" : "All-Purpose Cornbread",
  "tags" : [ "Vegetarian", "Bread" ]
}, {
  "id" : "02a4c477-ad4d-4aec-88af-4f488b976fd7",
  "title" : "All-Purpose Gravy",
  "tags" : [ "Sauce" ]
} ]" }
	AiMessage { text = null, thinking = null, toolExecutionRequests = [ToolExecutionRequest { id = "call_92bBVms4buth2H00srmRvOEf", name = "getRecipeById", arguments = "{"arg0":"09f77129-941c-4b30-b740-60c10d983cc6"}" }], attributes = {} }
	]
	tool_execution_results=[]
	}}
--------


---------
NodeOutput{node=action_dispatcher, state={
	next_action=getRecipeById
	messages=[
	UserMessage { name = null contents = [TextContent { text = "Please show me a random recipe from my list" }] }
	AiMessage { text = null, thinking = null, toolExecutionRequests = [ToolExecutionRequest { id = "call_0kA23gOlkOPYf0YVDfdYjorZ", name = "getAllRecipes", arguments = "{}" }], attributes = {} }
	ToolExecutionResultMessage { id = "call_0kA23gOlkOPYf0YVDfdYjorZ" toolName = "getAllRecipes" text = "[ {
  "id" : "fd93af22-5a2a-4cc8-8108-aa68ceec46e2",
  "title" : "15 Minute Swedish Meatballs",
  "tags" : [ "Easy", "Comfort Food", "Vegetarian", "Main Course" ]
}, {
  "id" : "fd49a053-ccac-4d93-b483-e18ad5f7690a",
  "title" : "27 Diagrams That Make Cooking So Much Easier",
  "tags" : [ "Technique", "Main Course" ]
}, {
  "id" : "09f77129-941c-4b30-b740-60c10d983cc6",
  "title" : "6585ab180b6b7b8902a5db9e",
  "tags" : [ "Medium", "Main Course", "Vegetable" ]
}, {
  "id" : "0bb9b040-2bb8-4f90-98f0-37dd2b791cd7",
  "title" : "All-Purpose Cornbread",
  "tags" : [ "Vegetarian", "Bread" ]
}, {
  "id" : "02a4c477-ad4d-4aec-88af-4f488b976fd7",
  "title" : "All-Purpose Gravy",
  "tags" : [ "Sauce" ]
} ]" }
	AiMessage { text = null, thinking = null, toolExecutionRequests = [ToolExecutionRequest { id = "call_92bBVms4buth2H00srmRvOEf", name = "getRecipeById", arguments = "{"arg0":"09f77129-941c-4b30-b740-60c10d983cc6"}" }], attributes = {} }
	]
	tool_execution_results=[]
	}}
--------


---------
NodeOutput{node=getRecipeById, state={
	next_action=getRecipeById
	messages=[
	UserMessage { name = null contents = [TextContent { text = "Please show me a random recipe from my list" }] }
	AiMessage { text = null, thinking = null, toolExecutionRequests = [ToolExecutionRequest { id = "call_0kA23gOlkOPYf0YVDfdYjorZ", name = "getAllRecipes", arguments = "{}" }], attributes = {} }
	ToolExecutionResultMessage { id = "call_0kA23gOlkOPYf0YVDfdYjorZ" toolName = "getAllRecipes" text = "[ {
  "id" : "fd93af22-5a2a-4cc8-8108-aa68ceec46e2",
  "title" : "15 Minute Swedish Meatballs",
  "tags" : [ "Easy", "Comfort Food", "Vegetarian", "Main Course" ]
}, {
  "id" : "fd49a053-ccac-4d93-b483-e18ad5f7690a",
  "title" : "27 Diagrams That Make Cooking So Much Easier",
  "tags" : [ "Technique", "Main Course" ]
}, {
  "id" : "09f77129-941c-4b30-b740-60c10d983cc6",
  "title" : "6585ab180b6b7b8902a5db9e",
  "tags" : [ "Medium", "Main Course", "Vegetable" ]
}, {
  "id" : "0bb9b040-2bb8-4f90-98f0-37dd2b791cd7",
  "title" : "All-Purpose Cornbread",
  "tags" : [ "Vegetarian", "Bread" ]
}, {
  "id" : "02a4c477-ad4d-4aec-88af-4f488b976fd7",
  "title" : "All-Purpose Gravy",
  "tags" : [ "Sauce" ]
} ]" }
	AiMessage { text = null, thinking = null, toolExecutionRequests = [ToolExecutionRequest { id = "call_92bBVms4buth2H00srmRvOEf", name = "getRecipeById", arguments = "{"arg0":"09f77129-941c-4b30-b740-60c10d983cc6"}" }], attributes = {} }
	]
	tool_execution_results=[
	ToolExecutionResultMessage { id = "call_92bBVms4buth2H00srmRvOEf" toolName = "getRecipeById" text = "{
  "id" : "09f77129-941c-4b30-b740-60c10d983cc6",
  "title" : "6585ab180b6b7b8902a5db9e",
  "source" : "EVERNOTE",
  "author" : "Jamie",
  "sourceUrl" : null,
  "yield" : null,
  "notes" : "Contains a PDF with the recipe details.",
  "ingredients" : null,
  "steps" : null,
  "createdInSource" : null,
  "updatedInSource" : null,
  "tags" : [ "Medium", "Main Course", "Vegetable" ],
  "embedding" : [ 0.008731289, -0.032574426, 0.017075095, -0.043088138, -0.0377667, 0.0042364835, 0.02867376, 0.027769633, -0.023533149, -0.014621034, 0.047841266, -0.046807975, 0.0023830219, -0.007278227, -4.8717944E-4, 0.04766044, 0.04592968, 0.01715259, 0.016519703, 0.022693602, 0.050501984, -0.025599726, 0.051354446, 0.06525218, 0.017281752, -0.011966774, -0.010713912, -0.008240477, 0.030817835, -0.008182354, 0.028467102, -0.05140611, -0.034201853, 0.008776495, -0.018030887, -0.05233607, 0.020252457, -0.020833682, -0.03322023, 0.039962437, -0.028699592, 0.014659783, 0.009312514, 0.041202385, 0.0052116495, 0.015021434, -0.011359717, 0.011785949, -9.743589E-4, -0.015047266, -0.0075752973, 0.030249525, 0.009732287, 0.03905831, -0.0073686396, -0.0074784267, -0.017385082, 0.06664712, 0.024398528, 0.024514774, 0.042261507, -0.078994915, 0.013600661, -0.015176427, 0.006312748, -0.025444733, -0.025250992, 0.029810378, 0.020291205, 0.01748841, 0.0093318885, 0.006813247, -0.020162044, -0.021208249, 0.04277815, -0.03172196, -0.07754831, -0.03112782, -0.0066453377, -0.06633713, 0.008079026, 0.007336349, -0.026943002, -0.0073686396, 0.009751662, -0.06080904, -0.07114192, -0.04055658, -0.018947931, 0.0072071883, -0.008634418, -0.012619037, -0.006813247, 0.022874428, 0.03288441, 0.005605591, -0.036759242, -0.0138719, -0.034666833, 0.0323936, 0.030275358, -0.036526754, -0.034873493, -0.013129224, 0.018495867, 0.004075032, 0.024088541, -0.016351793, 0.014646866, -0.033736873, -0.034563504, 0.03254859, 0.03810252, -0.018457118, 0.028854586, -3.400569E-4, 0.0385675, -0.004633654, -0.026478022, -0.011889277, -0.031076156, 0.008040277, -0.03670758, -0.0601374, -0.025599726, 0.03089533, 0.017707985, 0.017075095, 0.013561914, -0.06948866, 0.029552056, -0.0145306215, 0.029681217, 0.0051922756, -0.027097994, -0.012296135, -0.024049792, 0.034641, 0.009112314, 0.021053256, 0.039600786, -0.019903723, 0.05615924, 0.015073098, -0.012283219, 0.009189811, -0.022112377, -0.0011140143, 0.020782018, 0.023881884, -0.013536082, 0.033297725, -0.053524353, 0.015344337, 0.00909294, -0.04360478, 0.038748324, 0.01566724, -0.034098525, 0.038541667, -0.0020132985, -0.030223694, 0.025470566, -0.030817835, 0.018134216, 0.019232085, -0.031541135, -8.64572E-4, -0.03843834, -0.03577762, 0.0022393302, -0.0376892, 0.05001117, -0.003354959, -0.0315928, 6.57107E-4, 0.0063870153, -0.07956322, -0.0027995664, -0.045542195, 0.003587449, 0.072278544, -0.0169201, 8.8717515E-4, 0.0020197565, 0.013394004, -0.0010930257, 0.016584283, 0.014982685, -0.0010688079, 0.0031273128, 0.015047266, 0.024643933, -0.05197442, -0.026232615, -0.033142734, 0.04045325, -0.045903847, 0.09433925, 0.080958165, -0.022926092, 0.08571129, 0.010035816, 0.014931021, -0.01509893, -0.03099866, -0.037043396, -0.015447665, -0.048306245, -0.0223707, 0.047169626, -0.011850529, 0.033633545, 0.0200458, -0.06380557, 0.018521698, -0.04918454, -0.0022457882, 0.029552056, 0.030094532, -0.022551525, -0.008744205, 0.030120363, 0.012845069, 0.0065969024, -0.04301064, 0.015512246, -0.028957915, -0.0060576545, -0.013471501, 0.019606652, 0.013587746, -0.018095467, -0.019955387, 0.019206252, 0.051251117, -0.012399464, 0.0027123827, -0.010294138, -0.03882582, -0.0055894456, 0.02455352, 0.008066109, 0.024966836, -0.0046110507, 0.008866908, 0.014608119, -0.09919571, 0.0025912942, 0.05491929, 0.029707048, 0.046704646, -0.036294263, 9.3722506E-4, 0.017333416, -0.0024185413, -0.012083019, 0.016571367, 0.0439406, 3.852633E-4, 0.0032096528, -0.02051078, -0.013193805, 0.012974231, -0.0010486265, 0.050140332, 0.028932082, 0.02528974, 0.014853524, 0.011540542, -6.3652196E-4, -0.007878826, 0.08927614, 0.017436747, -0.01569307, -0.03557096, -0.017565906, 0.014892273, 0.0030449724, 0.028699592, -0.006780957, 0.031747792, -0.0156026585, -0.022319036, 0.011159518, 0.04024659, 0.029629553, -0.005531323, 0.0140785575, -0.028518766, -6.954517E-4, 0.014995601, 0.055280942, 0.02432103, -0.036991734, 0.0011051345, 0.016907185, 0.016984683, 0.039239135, 0.002310369, 0.021905718, 0.04732462, 0.046652984, -0.014956853, 0.020265374, 0.044121426, -0.032936074, -0.034821827, 0.00862796, 0.0036843198, -0.054350983, 0.0028496163, 0.026529687, -0.01901251, 9.2834525E-4, -0.02833794, -0.008789412, 0.037482545, -0.02286151, -0.0047079213, 0.06525218, 0.0033872493, 0.05827748, -0.036759242, 0.010113313, 0.0020568902, -0.0011632569, 0.009441675, 0.004165445, -0.014130223, 0.007885284, -0.030921163, -0.014091474, -0.039239135, 0.002757589, -0.0077238325, -9.7355165E-4, -0.011237014, 0.010571835, 0.029087076, -0.032341935, -0.084678, -0.01270945, 0.026000125, -0.020407451, -0.063237265, -0.007084485, -0.016842606, 0.017824229, -0.015783483, -0.025095997, 0.05724419, -0.009803326, -0.015525162, 0.002588065, -0.014659783, 0.0075882133, -0.039109975, 0.01921917, 0.0022361013, -0.040711574, 0.041693196, -0.025560977, 0.019554988, -0.014698531, -0.0022877657, -0.0755334, -0.027097994, -0.0042493995, -0.009028359, -0.008518173, 0.013716906, -0.05445431, -0.00262197, -0.023442736, -0.0074719684, 0.0091639785, 0.046782143, -0.035028484, -0.019309582, 0.026788007, 0.010623499, -0.0037844197, 0.015809316, 0.044689734, -0.018728357, 0.04825458, 0.045387205, 0.016842606, -0.021531152, -0.01947749, -0.02833794, -0.0061416095, -0.017862977, -0.007969239, 0.034537673, 0.029087076, 0.025870964, -0.0037327553, -0.036681745, 0.0640639, 0.01300652, -0.045748856, 0.0015838378, 0.046110507, 0.010823699, 0.011785949, -0.0064838864, -0.029784545, 0.033246063, 0.0017630487, -0.0061609834, 0.02751131, -0.0058736, 0.01708801, -0.028002122, 0.0071038594, 0.06199732, 0.010029358, 0.020355787, -0.024708515, -0.040840734, 0.010029358, 0.0076721683, 0.0111401435, 0.023533149, 0.07759998, -0.03043035, 0.0017372165, -0.008569838, -0.033375222, -0.011153059, 0.0054086205, -0.011553459, -0.0041622156, -0.026839672, -0.04732462, 0.03169613, 0.0026736343, -0.016209716, 0.009357721, 0.01433688, -0.0011495337, -0.025625559, -0.018767105, -0.003477662, 0.046911303, -0.027666304, -0.0076850844, -0.031928618, -0.019981219, -0.0011083635, -0.014595202, -0.018870434, -0.055590928, 0.041331545, 0.0119474, 0.007504259, 0.030559512, 0.026103454, 0.041693196, -0.009383553, 0.0028996663, 0.038670827, -0.015370169, 0.03706923, 0.01403981, 0.041693196, 0.043191466, -0.045128882, 0.021828223, -0.0053731008, -0.0238948, -0.004065345, -0.020601192, -0.016584283, -0.015434749, -0.0011180507, -0.043398123, 0.025599726, 0.0067874147, -0.008440677, -0.020523695, -0.0041073225, -0.015408917, 0.056572553, 0.029035412, 0.03823168, -0.021117836, -6.187623E-4, -0.0055603846, 0.008453593, -0.047996257, -0.01320672, 0.02820878, -0.026736343, -0.009028359, -0.07078027, 0.023352323, -0.0032209544, 0.03541597, 0.006910118, -0.016300129, 0.02751131, -0.008453593, -0.0094739655, -0.012166974, 0.008989612, 0.042829815, 0.056830876, -0.021066172, -0.0067551243, 0.036914237, 2.1127423E-7, 0.007336349, 0.0068907435, -0.018431285, 0.025715971, 0.017268836, 0.039910775, -0.023881884, 0.005040511, -0.0043398123, -0.012670702, -0.007278227, 2.5105686E-4, 0.037818365, -0.04280398, 0.008472967, -0.04742795, 0.05956909, 0.0017646633, -0.0027156118, 0.008957321, -0.01171491, 0.027459646, 0.021854054, 0.014143138, -0.019193336, -0.0493912, 0.009028359, 0.016119303, 0.011727826, 7.709302E-4, 0.01145013, -0.032600258, 0.01818588, -0.026400525, -0.0060189064, 0.009073566, -0.03461517, -0.020019967, 0.025664307, 0.0027931083, 0.04825458, 0.006916576, 0.006697002, -0.042933144, 6.797102E-4, 0.019516239, 0.019684149, -0.02810545, -0.022306118, -0.023610646, -0.03182529, -0.013161514, -0.0074461363, -0.023352323, 0.015951393, 0.0031095531, -0.010177894, -0.01480186, 0.011372633, 0.013768571, 0.051225286, 0.01918042, 0.030120363, 0.018108383, -0.02751131, 0.0050566564, -0.03916164, 0.0041589867, 0.0044818893, 0.041202385, -0.028467102, 0.059775747, 0.05734752, 0.041228216, -0.010843073, 0.050786138, -0.009687081, 0.015550994, -0.010920569, -0.0013004906, -0.004297835, -0.004091177, -0.025548061, 0.0013892889, -0.00358422, -0.028415438, 0.013316507, -0.020200793, -0.024372695, 0.03670758, 0.027769633, 0.04556803, -0.005027595, 6.752703E-4, 0.009893739, -0.022357782, -0.017307585, 0.026994666, 0.01151471, -0.027614638, -0.013833152, 0.02093701, 0.014323964, -0.0047563566, -0.017010514, -0.023352323, 0.009222101, 0.020885346, 0.006942408, -0.026736343, -0.025728887, -0.012289677, -0.0377667, -0.004456057, -0.018172964, -0.0029820064, -0.03458934, -0.011863445, 0.041099057, -0.03541597, 0.036914237, 0.026297197, 0.015641406, -0.016313044, -0.003687549, -0.0062320223, 0.016003057, -0.005021137, 0.038257513, -0.008782953, -0.0012536697, -1.1896947E-4, -0.03810252, -0.013394004, -0.01947749, -0.020924095, -0.004420538, -0.03802502, 0.0080984, -0.0048273955, -0.0024185413, 0.015189343, 0.0017485181, -0.032238606, 0.010965776, -0.032238606, 0.01264487, 0.017410913, 0.005395704, -8.468123E-4, 8.8556064E-4, 0.051457774, 0.02300359, -0.020149129, -0.018560447, -0.0010276379, 0.035260975, -0.0020988677, 0.013226095, 0.012018438, 0.023804387, 0.014001061, 0.029707048, 0.010068106, 0.019438742, -0.0038877486, 0.023158582, 0.007639878, 0.005757355, 0.010494337, 0.024398528, -0.026335943, -0.0036617166, 0.02681384, 0.040169097, 0.011760117, -0.013768571, 5.6104345E-4, 0.007161982, -0.008879825, 0.0315928, 0.028957915, 0.011475962, 0.014866441, 0.008208186, -0.09232434, -0.017604655, 0.007097401, -0.02844127, 0.02412729, -0.015977226, 1.635704E-4, 0.014026893, 0.015408917, 0.021298662, -0.04427642, -0.016984683, -0.0010421685, -0.06003407, 0.015848065, 0.005001763, -0.0013763728, -0.022293203, -0.0021166273, -0.014478957, -0.006115777, 0.026323028, 0.016222632, -0.008531089, -0.035131812, 0.010778492, -0.0015265226, 0.010093939, 0.017875893, -0.008847534, 0.004459286, 0.0011366175, -0.012935482, 0.02127283, 0.014130223, -0.007872368, 0.04370811, -0.04171903, 0.016468037, -0.004798334, -0.002475049, -0.025341405, -0.053472687, 0.0032710044, 0.023907715, -0.0029658612, -0.01901251, -0.0033258977, -0.0041073225, -0.068042055, 0.030688673, -0.04572302, 0.01055246, -0.01151471, 0.009887281, 0.054609306, -0.028699592, 0.00816298, -0.021996131, 0.0053375815, 0.03833501, -0.016248465, 0.012748199, 0.025858048, -0.018805854, -0.029242069, -0.0037262973, 0.044018097, -0.01363941, 0.0019454887, 0.04383727, -0.016984683, -0.03381437, -0.0035583877, 0.014931021, 0.039549123, -0.021492403, -0.018947931, -0.006942408, 0.011585749, 0.0285446, 0.04600718, -0.01905126, 0.019322498, -0.011805323, 0.024682682, -0.0065097185, -0.011630955, 0.012586747, -0.09335763, -0.04616217, -0.010881821, -0.03066284, 0.013038811, -0.018392539, 0.029009579, -0.0010300596, 0.002581607, -0.06303061, 0.0048209373, 0.05796749, -0.024256451, -0.03133448, -0.0014474114, 0.019554988, 0.044121426, 0.025212243, -0.04391477, 0.029500391, 0.019425826, 0.0038651454, -0.008279225, 0.014220635, -0.014130223, 0.013129224, 0.025018502, -0.024114374, 0.017695067, -0.010623499, 0.0010639644, 0.0068649114, -0.0068519954, -0.01725592, 0.011146601, 7.7981E-4, -0.02857043, 0.04197735, -0.04311397, 0.007936948, 0.023313574, 0.017992139, 0.009835617, 0.008821702, 0.011676162, 0.0200458, 0.014827692, 0.03588095, -0.0026429587, 0.0134844165, -0.022344867, 0.018392539, 0.0145306215, 0.033711042, -0.03218694, -0.0076334197, 0.00501145, -0.003342043, -0.004785418, 0.022939008, 0.0025299427, 0.007969239, -0.017669236, -0.010132687, 0.004291377, 0.0067422083, -0.031308647, 0.014504789, 0.009435217, 0.006948866, -0.0021957383, -0.008311516, -0.019981219, 0.010087481, -0.01503435, 0.014233551, 0.027020497, -0.050656974, -0.008757121, -0.013962313, 0.02302942, 0.025315572, -0.03603594, -0.034046862, 0.0017097698, -0.031024491, 0.014311047, 0.0015644636, -0.034847658, 0.023688141, -0.019425826, -0.010533086, 0.017062178, -0.034795996, -0.011256388, -0.0016936247, 0.0026397295, 0.0063999314, 0.048771225, 0.050966963, 0.0137944035, -0.00335173, -9.1946544E-4, -0.031411976, 0.0081758965, 0.018612111, -0.0097581195, 0.02681384, -0.015266839, -0.009712913, 0.042752318, 0.00720073, 0.007291143, -0.00912523, 0.006697002, 0.010823699, 0.030507848, -0.0026478022, -0.006813247, 0.004058887, -0.010539544, -3.3682788E-4, 0.018792937, 0.009990609, 0.011049731, -0.028131284, 0.015977226, 0.010888279, 0.0041460707, -0.006716376, -0.005279459, 0.0138719, 0.029293733, -0.012567373, 0.009312514, -0.0052181077, -0.021608649, -0.003474433, 0.015421833, -0.005137382, 0.035958447, -0.016907185, 0.013858984, 0.0011220869, -0.029216237, 0.04941703, 0.023210246, -0.035803452, -0.02104034, -0.007032821, -0.014143138, 0.00879587, 0.0047240667, 0.02286151, 0.012935482, -0.02383022, -0.0038490002, 0.04011743, -0.028699592, 0.01888335, 0.028725425, -0.025560977, 0.013729823, 0.0027527455, 0.05117362, -0.044147257, -0.0048047923, -0.007969239, 0.006086716, -0.011566374, -0.024036877, -0.004914579, -0.025715971, 0.004562615, -0.019193336, 0.0039587873, 0.00550872, -0.004297835, 0.016945934, 0.0169201, 0.04301064, 0.014853524, 0.017875893, 6.2108316E-5, -0.025018502, 0.021686146, -0.01841837, 0.0058994326, 0.027666304, 0.010126228, -0.010074564, -0.041073225, 0.015538078, 0.02512183, -0.028699592, 0.021647397, -0.06199732, 0.046188, 0.019852059, 0.039962437, 0.0098227, 0.004517409, -0.05641756, -0.0013352027, -0.026607182, -0.020885346, 0.0034356848, -0.0072201043, 0.005725065, 0.04616217, 0.006125464, 0.038774155, 0.023119833, 0.029448727, 0.0362426, -0.03342689, -0.018909182, 0.013090475, 0.004104093, -0.007032821, -0.04745378, -0.0493912, -0.02070452, -0.001612899, 0.029319566, -0.04068574, -0.011953858, -0.0431398, -0.0019600193, 0.03717256, -0.0258193, -0.034460176, 0.040789068, 0.00481125, 0.017669236, 0.029913707, 0.0011325813, 0.004230025, 0.020962844, 0.007924032, 0.04396643, 0.012199264, 3.1664647E-4, 0.0347185, 0.026917169, 0.01320672, 0.012786947, 0.009977694, -0.015848065, 0.0022183415, 0.022474028, -0.004207422, -0.01672636, -0.025225159, -0.01818588, 0.01533142, 0.024398528, -0.013251927, 0.002210269, -0.020136213, -0.01334234, 0.022151126, -0.03229027, -0.018599195, 0.019038344, -0.0035228685, 0.034925155, 0.0041299257, -0.0073686396, -0.022616105, 0.021608649, 0.025108915, -0.0069617825, 0.008479425, 0.031644464, -0.034356847, 0.0142723, -9.3964685E-4, 0.03474433, 0.001310985, 0.016287213, -0.005418307, -0.009712913, 0.007420304, 0.007614046, 0.042829815, -0.060912367, -0.026116371, -0.02641344, -0.018147131, 0.01340692, 0.0060544256, 0.025922628, 0.024734346, 0.0067486665, 0.0056669423, -0.01715259, 0.01778548, -0.015873896, -0.032806914, 9.2350174E-4, -0.02605179, 0.012238013, -0.015357252, -0.03285858, -0.008188812, 0.016080555, -0.014543538, 0.018366706, 0.03637176, 0.023184413, 0.022009049, 0.012431754, -0.026400525, 0.0074332203, -0.01735925, -0.028002122, 0.021285746, 0.014504789, 0.032729417, -0.0023636478, 0.005621736, 0.017100926, -0.0037456714, -0.0156026585, -0.018392539, 0.033556048, 0.005999532, 3.1483013E-4, 0.0285446, 0.003358188, -0.006464512, 0.024605187, -0.029112907, 0.024618102, -0.014026893, -0.015215175, -0.003030442, -0.005266543, 0.016700529, -0.04324313, -0.0023959382, 0.0048693726, 0.02435978, 0.030120363, -0.0044915765, 0.004549699, -0.021117836, -0.015641406, -0.037017565, -0.0058800583, -0.02395938, 0.047531277, 0.01928375, 0.0040072226, 0.012870901, -0.0013553841, -0.020252457, 0.010888279, 0.09015443, 0.023623561, 0.015396001, 0.0157964, 0.042855646, 0.017333416, 0.038851652, 0.020859515, -0.016713444, -0.027485479, 0.021363243, 0.0027366003, 0.035700124, 0.006729292, 0.020007052, 0.0019761645, -0.06731875, -0.029939538, -0.00766571, 0.013019437, 0.023378156, -7.095787E-4, 0.018780021, -0.008389012, 0.0072330204, 6.328893E-4, -0.0081758965, -0.03670758, -0.0258193, 0.04406976, 0.021195333, -0.003175748, 0.03458934, 0.013626494, -0.01795339, -1.4702164E-4, 0.0019535613, 0.0042106514, -0.0139364805, -0.0031967368, -0.0043624155, 0.012560915, 0.022176957, 0.01035226, 0.03125698, 0.0066582537, -0.008389012, 0.002436301, -0.039032478, 0.022357782, 0.040737405, -0.006684086, 0.017436747, -0.00428169, 0.0011600279, -0.0032274125, -0.0047369828, -0.04184819, 0.03810252, 0.024643933, 0.018224629, 3.6911815E-4, 0.016532619, 0.013135682, 0.012554457, 0.001503112, -0.0037747326, -0.01729467, 0.019141672, -0.019890806, -0.0048177084, 0.020317039, -0.0019035115, 0.014065642, -0.023094, 0.019826226, 0.013561914, -0.0028689904, 0.03040452, 0.017914642, -0.03342689, 0.0013763728, 0.015241007, 0.03205778, -0.010139145, -0.042984806, -0.03381437, -0.0151505945, -0.021311577, 0.011882819, 0.024011046, 0.019167505, 0.024514774, 0.012154058, -0.011682619, -0.007859452, -0.0025977523, -0.041124888, 0.010248932, 0.038180016, 0.024269367, 0.011191808, 0.013691074, 0.048383743, -0.020007052, 0.0016871666, -0.0040201386, -0.016338877, -0.009299598, 0.0048273955, 0.03089533, 0.0040201386, 0.005647568, -0.027149659, -0.017423829, -0.013445669, 0.009984151, 0.035803452, 0.0042106514, -0.012896734, 0.013445669, 0.010810782, 0.011107853, -0.020562444, 0.0129483985, -0.018534616, 0.044689734, 0.035028484, 0.023998128, -0.013768571, 0.014879356, 0.023158582, 0.0067228344, 0.007543007, 0.04316563, 0.025483482, -0.012418838, 0.01131451, 0.010358718, -0.0188446, -0.049287867, 0.009738745, 0.009648332, -0.019968303, 0.03288441, -0.017243003, -0.01290965, 0.010668705, -0.01755299, 0.035855114, 0.021647397, -0.0061771288, -0.0064871153, -0.016907185, -0.0045658443, 0.008317973, -0.02127283, 0.023946464, 0.021776559, -0.025767636, -0.0188446, -0.018896267, -0.018702524, 0.008698999, 0.016790941, 0.027588807, -0.029267902, -0.034356847, 0.008453593, -0.021117836, -0.023352323, 0.011010982, -0.01708801, 0.0078077875, -0.014672698, 7.543814E-4, 0.009441675, -0.008957321, -0.016248465, 0.022809846, -0.0300687, -0.020136213, -0.016313044, -0.015241007, 0.03750838, -0.001452255, -0.006780957, 8.266309E-4, -0.004643341, -0.011805323, 0.023739807, -0.0016395384, 0.013019437, 0.017217172, -0.004559386, 0.015137679, -0.0067615826, 0.016442206, 0.0010074564, 0.020924095, -0.045464702, 0.0038780614, -0.018263377, 0.016635947, 0.043398123, 0.024863508, -0.0016048264, 0.002160219, -0.024385612, 0.036423426, 0.020329954, 0.020549528, -0.050424486, 0.017798398, 0.0064225346, 0.01334234, -0.008001529, 0.021324495, 0.019542072, 0.011082021, -0.010313512, 0.008879825, -0.00929314, -0.037792534, -0.03342689, -0.0014490258, 0.029810378, -0.022654854, -0.013355256, -0.017772565, 0.023804387, 0.029267902, -0.02406271, 0.016003057, 0.020497864, -0.037792534, -0.0041622156, 0.0054441397, 0.018172964, -0.036190934, -0.038386673, -0.0037230682, 0.002279693, 0.029552056, -0.028518766, 0.017075095, -0.03836084, 0.014608119, 3.6649455E-4, -0.0091058565, -0.034331016, -0.011734284, 0.005156756, -0.050966963, -0.019206252, 0.014840608, 0.02751131, 0.009990609, -0.017346334, -0.021466572, 0.0071296915, 0.0020326725, -0.019929554, -0.0028770631, 0.024643933, -0.0063805575, 4.9323385E-4, -0.011385549, -7.293565E-4, 0.042623155, -0.0019503323, 0.0048047923, -0.0058929743, -0.01945166, -0.02833794, -0.022009049, -0.005369872, 0.0066582537, -4.026193E-4, -0.0044786604, -0.0050437404, -0.028389605, 0.049262036, 0.012987147, 0.01642929, -0.0106880795, -0.019903723, 0.0051599853, -0.018625028, -0.03169613, -0.036423426, -0.027123827, 7.551887E-4, -0.014840608, -0.012083019, 0.032781083, -0.003364646, -0.018909182, 0.012321967, 0.020032883, -0.011856987, 0.02810545, -0.016984683, -0.018405454, 0.014259383, 0.0026429587, 0.011036814, -0.040504914, 0.012890276, -0.013264843, 0.050295323, -0.020368703, -0.011030356, 0.0091639785, 0.004026597, -0.012502792, 0.01865086, -0.004824166, 0.011708452, 0.022874428, -0.012089477, 0.005050198, 0.0050792596, -0.01340692, -0.021582816, 0.011559917, -0.022990672, 0.021156585, 0.022331951, 0.0026591038, -0.029681217, 0.024992669, 0.029009579, 0.011798865, 0.047376283, 3.5317484E-5, -0.029681217, -0.010416841, 0.01509893, -0.01334234, -0.037379216, -0.016364709, 0.06509718, -0.013988145, 0.002027829, 0.030792002, -0.014556454, -0.0031515304, 0.024282284, 0.017669236, 0.008337348, -0.014750196, 0.009209185, -0.057760835, -0.006845537, -0.008227561, 0.044147257, -0.039910775, 0.017501326, 0.0043624155, -0.021376159, 0.021518236, -0.010565377, -0.01410439, 0.0016048264, 8.137148E-4, 0.022319036, -0.031153653, 0.06985031, -0.024166038, -0.031205317, 0.033297725, -6.171478E-4, -0.004320438, 0.018082552, 0.03763754, -0.016274296, 0.028492935, -0.0063611832, -0.022280287, 0.024424361, 0.005389246, -0.022383615, 0.0027592035, 0.008963779, -0.013129224, -0.031799458, 0.0026865504, -0.039574955 ],
  "verified" : null
}" }
	]
	}}
--------


---------
NodeOutput{node=action_dispatcher, state={
	messages=[
	UserMessage { name = null contents = [TextContent { text = "Please show me a random recipe from my list" }] }
	AiMessage { text = null, thinking = null, toolExecutionRequests = [ToolExecutionRequest { id = "call_0kA23gOlkOPYf0YVDfdYjorZ", name = "getAllRecipes", arguments = "{}" }], attributes = {} }
	ToolExecutionResultMessage { id = "call_0kA23gOlkOPYf0YVDfdYjorZ" toolName = "getAllRecipes" text = "[ {
  "id" : "fd93af22-5a2a-4cc8-8108-aa68ceec46e2",
  "title" : "15 Minute Swedish Meatballs",
  "tags" : [ "Easy", "Comfort Food", "Vegetarian", "Main Course" ]
}, {
  "id" : "fd49a053-ccac-4d93-b483-e18ad5f7690a",
  "title" : "27 Diagrams That Make Cooking So Much Easier",
  "tags" : [ "Technique", "Main Course" ]
}, {
  "id" : "09f77129-941c-4b30-b740-60c10d983cc6",
  "title" : "6585ab180b6b7b8902a5db9e",
  "tags" : [ "Medium", "Main Course", "Vegetable" ]
}, {
  "id" : "0bb9b040-2bb8-4f90-98f0-37dd2b791cd7",
  "title" : "All-Purpose Cornbread",
  "tags" : [ "Vegetarian", "Bread" ]
}, {
  "id" : "02a4c477-ad4d-4aec-88af-4f488b976fd7",
  "title" : "All-Purpose Gravy",
  "tags" : [ "Sauce" ]
} ]" }
	AiMessage { text = null, thinking = null, toolExecutionRequests = [ToolExecutionRequest { id = "call_92bBVms4buth2H00srmRvOEf", name = "getRecipeById", arguments = "{"arg0":"09f77129-941c-4b30-b740-60c10d983cc6"}" }], attributes = {} }
	ToolExecutionResultMessage { id = "call_92bBVms4buth2H00srmRvOEf" toolName = "getRecipeById" text = "{
  "id" : "09f77129-941c-4b30-b740-60c10d983cc6",
  "title" : "6585ab180b6b7b8902a5db9e",
  "source" : "EVERNOTE",
  "author" : "Jamie",
  "sourceUrl" : null,
  "yield" : null,
  "notes" : "Contains a PDF with the recipe details.",
  "ingredients" : null,
  "steps" : null,
  "createdInSource" : null,
  "updatedInSource" : null,
  "tags" : [ "Medium", "Main Course", "Vegetable" ],
  "embedding" : [ 0.008731289, -0.032574426, 0.017075095, -0.043088138, -0.0377667, 0.0042364835, 0.02867376, 0.027769633, -0.023533149, -0.014621034, 0.047841266, -0.046807975, 0.0023830219, -0.007278227, -4.8717944E-4, 0.04766044, 0.04592968, 0.01715259, 0.016519703, 0.022693602, 0.050501984, -0.025599726, 0.051354446, 0.06525218, 0.017281752, -0.011966774, -0.010713912, -0.008240477, 0.030817835, -0.008182354, 0.028467102, -0.05140611, -0.034201853, 0.008776495, -0.018030887, -0.05233607, 0.020252457, -0.020833682, -0.03322023, 0.039962437, -0.028699592, 0.014659783, 0.009312514, 0.041202385, 0.0052116495, 0.015021434, -0.011359717, 0.011785949, -9.743589E-4, -0.015047266, -0.0075752973, 0.030249525, 0.009732287, 0.03905831, -0.0073686396, -0.0074784267, -0.017385082, 0.06664712, 0.024398528, 0.024514774, 0.042261507, -0.078994915, 0.013600661, -0.015176427, 0.006312748, -0.025444733, -0.025250992, 0.029810378, 0.020291205, 0.01748841, 0.0093318885, 0.006813247, -0.020162044, -0.021208249, 0.04277815, -0.03172196, -0.07754831, -0.03112782, -0.0066453377, -0.06633713, 0.008079026, 0.007336349, -0.026943002, -0.0073686396, 0.009751662, -0.06080904, -0.07114192, -0.04055658, -0.018947931, 0.0072071883, -0.008634418, -0.012619037, -0.006813247, 0.022874428, 0.03288441, 0.005605591, -0.036759242, -0.0138719, -0.034666833, 0.0323936, 0.030275358, -0.036526754, -0.034873493, -0.013129224, 0.018495867, 0.004075032, 0.024088541, -0.016351793, 0.014646866, -0.033736873, -0.034563504, 0.03254859, 0.03810252, -0.018457118, 0.028854586, -3.400569E-4, 0.0385675, -0.004633654, -0.026478022, -0.011889277, -0.031076156, 0.008040277, -0.03670758, -0.0601374, -0.025599726, 0.03089533, 0.017707985, 0.017075095, 0.013561914, -0.06948866, 0.029552056, -0.0145306215, 0.029681217, 0.0051922756, -0.027097994, -0.012296135, -0.024049792, 0.034641, 0.009112314, 0.021053256, 0.039600786, -0.019903723, 0.05615924, 0.015073098, -0.012283219, 0.009189811, -0.022112377, -0.0011140143, 0.020782018, 0.023881884, -0.013536082, 0.033297725, -0.053524353, 0.015344337, 0.00909294, -0.04360478, 0.038748324, 0.01566724, -0.034098525, 0.038541667, -0.0020132985, -0.030223694, 0.025470566, -0.030817835, 0.018134216, 0.019232085, -0.031541135, -8.64572E-4, -0.03843834, -0.03577762, 0.0022393302, -0.0376892, 0.05001117, -0.003354959, -0.0315928, 6.57107E-4, 0.0063870153, -0.07956322, -0.0027995664, -0.045542195, 0.003587449, 0.072278544, -0.0169201, 8.8717515E-4, 0.0020197565, 0.013394004, -0.0010930257, 0.016584283, 0.014982685, -0.0010688079, 0.0031273128, 0.015047266, 0.024643933, -0.05197442, -0.026232615, -0.033142734, 0.04045325, -0.045903847, 0.09433925, 0.080958165, -0.022926092, 0.08571129, 0.010035816, 0.014931021, -0.01509893, -0.03099866, -0.037043396, -0.015447665, -0.048306245, -0.0223707, 0.047169626, -0.011850529, 0.033633545, 0.0200458, -0.06380557, 0.018521698, -0.04918454, -0.0022457882, 0.029552056, 0.030094532, -0.022551525, -0.008744205, 0.030120363, 0.012845069, 0.0065969024, -0.04301064, 0.015512246, -0.028957915, -0.0060576545, -0.013471501, 0.019606652, 0.013587746, -0.018095467, -0.019955387, 0.019206252, 0.051251117, -0.012399464, 0.0027123827, -0.010294138, -0.03882582, -0.0055894456, 0.02455352, 0.008066109, 0.024966836, -0.0046110507, 0.008866908, 0.014608119, -0.09919571, 0.0025912942, 0.05491929, 0.029707048, 0.046704646, -0.036294263, 9.3722506E-4, 0.017333416, -0.0024185413, -0.012083019, 0.016571367, 0.0439406, 3.852633E-4, 0.0032096528, -0.02051078, -0.013193805, 0.012974231, -0.0010486265, 0.050140332, 0.028932082, 0.02528974, 0.014853524, 0.011540542, -6.3652196E-4, -0.007878826, 0.08927614, 0.017436747, -0.01569307, -0.03557096, -0.017565906, 0.014892273, 0.0030449724, 0.028699592, -0.006780957, 0.031747792, -0.0156026585, -0.022319036, 0.011159518, 0.04024659, 0.029629553, -0.005531323, 0.0140785575, -0.028518766, -6.954517E-4, 0.014995601, 0.055280942, 0.02432103, -0.036991734, 0.0011051345, 0.016907185, 0.016984683, 0.039239135, 0.002310369, 0.021905718, 0.04732462, 0.046652984, -0.014956853, 0.020265374, 0.044121426, -0.032936074, -0.034821827, 0.00862796, 0.0036843198, -0.054350983, 0.0028496163, 0.026529687, -0.01901251, 9.2834525E-4, -0.02833794, -0.008789412, 0.037482545, -0.02286151, -0.0047079213, 0.06525218, 0.0033872493, 0.05827748, -0.036759242, 0.010113313, 0.0020568902, -0.0011632569, 0.009441675, 0.004165445, -0.014130223, 0.007885284, -0.030921163, -0.014091474, -0.039239135, 0.002757589, -0.0077238325, -9.7355165E-4, -0.011237014, 0.010571835, 0.029087076, -0.032341935, -0.084678, -0.01270945, 0.026000125, -0.020407451, -0.063237265, -0.007084485, -0.016842606, 0.017824229, -0.015783483, -0.025095997, 0.05724419, -0.009803326, -0.015525162, 0.002588065, -0.014659783, 0.0075882133, -0.039109975, 0.01921917, 0.0022361013, -0.040711574, 0.041693196, -0.025560977, 0.019554988, -0.014698531, -0.0022877657, -0.0755334, -0.027097994, -0.0042493995, -0.009028359, -0.008518173, 0.013716906, -0.05445431, -0.00262197, -0.023442736, -0.0074719684, 0.0091639785, 0.046782143, -0.035028484, -0.019309582, 0.026788007, 0.010623499, -0.0037844197, 0.015809316, 0.044689734, -0.018728357, 0.04825458, 0.045387205, 0.016842606, -0.021531152, -0.01947749, -0.02833794, -0.0061416095, -0.017862977, -0.007969239, 0.034537673, 0.029087076, 0.025870964, -0.0037327553, -0.036681745, 0.0640639, 0.01300652, -0.045748856, 0.0015838378, 0.046110507, 0.010823699, 0.011785949, -0.0064838864, -0.029784545, 0.033246063, 0.0017630487, -0.0061609834, 0.02751131, -0.0058736, 0.01708801, -0.028002122, 0.0071038594, 0.06199732, 0.010029358, 0.020355787, -0.024708515, -0.040840734, 0.010029358, 0.0076721683, 0.0111401435, 0.023533149, 0.07759998, -0.03043035, 0.0017372165, -0.008569838, -0.033375222, -0.011153059, 0.0054086205, -0.011553459, -0.0041622156, -0.026839672, -0.04732462, 0.03169613, 0.0026736343, -0.016209716, 0.009357721, 0.01433688, -0.0011495337, -0.025625559, -0.018767105, -0.003477662, 0.046911303, -0.027666304, -0.0076850844, -0.031928618, -0.019981219, -0.0011083635, -0.014595202, -0.018870434, -0.055590928, 0.041331545, 0.0119474, 0.007504259, 0.030559512, 0.026103454, 0.041693196, -0.009383553, 0.0028996663, 0.038670827, -0.015370169, 0.03706923, 0.01403981, 0.041693196, 0.043191466, -0.045128882, 0.021828223, -0.0053731008, -0.0238948, -0.004065345, -0.020601192, -0.016584283, -0.015434749, -0.0011180507, -0.043398123, 0.025599726, 0.0067874147, -0.008440677, -0.020523695, -0.0041073225, -0.015408917, 0.056572553, 0.029035412, 0.03823168, -0.021117836, -6.187623E-4, -0.0055603846, 0.008453593, -0.047996257, -0.01320672, 0.02820878, -0.026736343, -0.009028359, -0.07078027, 0.023352323, -0.0032209544, 0.03541597, 0.006910118, -0.016300129, 0.02751131, -0.008453593, -0.0094739655, -0.012166974, 0.008989612, 0.042829815, 0.056830876, -0.021066172, -0.0067551243, 0.036914237, 2.1127423E-7, 0.007336349, 0.0068907435, -0.018431285, 0.025715971, 0.017268836, 0.039910775, -0.023881884, 0.005040511, -0.0043398123, -0.012670702, -0.007278227, 2.5105686E-4, 0.037818365, -0.04280398, 0.008472967, -0.04742795, 0.05956909, 0.0017646633, -0.0027156118, 0.008957321, -0.01171491, 0.027459646, 0.021854054, 0.014143138, -0.019193336, -0.0493912, 0.009028359, 0.016119303, 0.011727826, 7.709302E-4, 0.01145013, -0.032600258, 0.01818588, -0.026400525, -0.0060189064, 0.009073566, -0.03461517, -0.020019967, 0.025664307, 0.0027931083, 0.04825458, 0.006916576, 0.006697002, -0.042933144, 6.797102E-4, 0.019516239, 0.019684149, -0.02810545, -0.022306118, -0.023610646, -0.03182529, -0.013161514, -0.0074461363, -0.023352323, 0.015951393, 0.0031095531, -0.010177894, -0.01480186, 0.011372633, 0.013768571, 0.051225286, 0.01918042, 0.030120363, 0.018108383, -0.02751131, 0.0050566564, -0.03916164, 0.0041589867, 0.0044818893, 0.041202385, -0.028467102, 0.059775747, 0.05734752, 0.041228216, -0.010843073, 0.050786138, -0.009687081, 0.015550994, -0.010920569, -0.0013004906, -0.004297835, -0.004091177, -0.025548061, 0.0013892889, -0.00358422, -0.028415438, 0.013316507, -0.020200793, -0.024372695, 0.03670758, 0.027769633, 0.04556803, -0.005027595, 6.752703E-4, 0.009893739, -0.022357782, -0.017307585, 0.026994666, 0.01151471, -0.027614638, -0.013833152, 0.02093701, 0.014323964, -0.0047563566, -0.017010514, -0.023352323, 0.009222101, 0.020885346, 0.006942408, -0.026736343, -0.025728887, -0.012289677, -0.0377667, -0.004456057, -0.018172964, -0.0029820064, -0.03458934, -0.011863445, 0.041099057, -0.03541597, 0.036914237, 0.026297197, 0.015641406, -0.016313044, -0.003687549, -0.0062320223, 0.016003057, -0.005021137, 0.038257513, -0.008782953, -0.0012536697, -1.1896947E-4, -0.03810252, -0.013394004, -0.01947749, -0.020924095, -0.004420538, -0.03802502, 0.0080984, -0.0048273955, -0.0024185413, 0.015189343, 0.0017485181, -0.032238606, 0.010965776, -0.032238606, 0.01264487, 0.017410913, 0.005395704, -8.468123E-4, 8.8556064E-4, 0.051457774, 0.02300359, -0.020149129, -0.018560447, -0.0010276379, 0.035260975, -0.0020988677, 0.013226095, 0.012018438, 0.023804387, 0.014001061, 0.029707048, 0.010068106, 0.019438742, -0.0038877486, 0.023158582, 0.007639878, 0.005757355, 0.010494337, 0.024398528, -0.026335943, -0.0036617166, 0.02681384, 0.040169097, 0.011760117, -0.013768571, 5.6104345E-4, 0.007161982, -0.008879825, 0.0315928, 0.028957915, 0.011475962, 0.014866441, 0.008208186, -0.09232434, -0.017604655, 0.007097401, -0.02844127, 0.02412729, -0.015977226, 1.635704E-4, 0.014026893, 0.015408917, 0.021298662, -0.04427642, -0.016984683, -0.0010421685, -0.06003407, 0.015848065, 0.005001763, -0.0013763728, -0.022293203, -0.0021166273, -0.014478957, -0.006115777, 0.026323028, 0.016222632, -0.008531089, -0.035131812, 0.010778492, -0.0015265226, 0.010093939, 0.017875893, -0.008847534, 0.004459286, 0.0011366175, -0.012935482, 0.02127283, 0.014130223, -0.007872368, 0.04370811, -0.04171903, 0.016468037, -0.004798334, -0.002475049, -0.025341405, -0.053472687, 0.0032710044, 0.023907715, -0.0029658612, -0.01901251, -0.0033258977, -0.0041073225, -0.068042055, 0.030688673, -0.04572302, 0.01055246, -0.01151471, 0.009887281, 0.054609306, -0.028699592, 0.00816298, -0.021996131, 0.0053375815, 0.03833501, -0.016248465, 0.012748199, 0.025858048, -0.018805854, -0.029242069, -0.0037262973, 0.044018097, -0.01363941, 0.0019454887, 0.04383727, -0.016984683, -0.03381437, -0.0035583877, 0.014931021, 0.039549123, -0.021492403, -0.018947931, -0.006942408, 0.011585749, 0.0285446, 0.04600718, -0.01905126, 0.019322498, -0.011805323, 0.024682682, -0.0065097185, -0.011630955, 0.012586747, -0.09335763, -0.04616217, -0.010881821, -0.03066284, 0.013038811, -0.018392539, 0.029009579, -0.0010300596, 0.002581607, -0.06303061, 0.0048209373, 0.05796749, -0.024256451, -0.03133448, -0.0014474114, 0.019554988, 0.044121426, 0.025212243, -0.04391477, 0.029500391, 0.019425826, 0.0038651454, -0.008279225, 0.014220635, -0.014130223, 0.013129224, 0.025018502, -0.024114374, 0.017695067, -0.010623499, 0.0010639644, 0.0068649114, -0.0068519954, -0.01725592, 0.011146601, 7.7981E-4, -0.02857043, 0.04197735, -0.04311397, 0.007936948, 0.023313574, 0.017992139, 0.009835617, 0.008821702, 0.011676162, 0.0200458, 0.014827692, 0.03588095, -0.0026429587, 0.0134844165, -0.022344867, 0.018392539, 0.0145306215, 0.033711042, -0.03218694, -0.0076334197, 0.00501145, -0.003342043, -0.004785418, 0.022939008, 0.0025299427, 0.007969239, -0.017669236, -0.010132687, 0.004291377, 0.0067422083, -0.031308647, 0.014504789, 0.009435217, 0.006948866, -0.0021957383, -0.008311516, -0.019981219, 0.010087481, -0.01503435, 0.014233551, 0.027020497, -0.050656974, -0.008757121, -0.013962313, 0.02302942, 0.025315572, -0.03603594, -0.034046862, 0.0017097698, -0.031024491, 0.014311047, 0.0015644636, -0.034847658, 0.023688141, -0.019425826, -0.010533086, 0.017062178, -0.034795996, -0.011256388, -0.0016936247, 0.0026397295, 0.0063999314, 0.048771225, 0.050966963, 0.0137944035, -0.00335173, -9.1946544E-4, -0.031411976, 0.0081758965, 0.018612111, -0.0097581195, 0.02681384, -0.015266839, -0.009712913, 0.042752318, 0.00720073, 0.007291143, -0.00912523, 0.006697002, 0.010823699, 0.030507848, -0.0026478022, -0.006813247, 0.004058887, -0.010539544, -3.3682788E-4, 0.018792937, 0.009990609, 0.011049731, -0.028131284, 0.015977226, 0.010888279, 0.0041460707, -0.006716376, -0.005279459, 0.0138719, 0.029293733, -0.012567373, 0.009312514, -0.0052181077, -0.021608649, -0.003474433, 0.015421833, -0.005137382, 0.035958447, -0.016907185, 0.013858984, 0.0011220869, -0.029216237, 0.04941703, 0.023210246, -0.035803452, -0.02104034, -0.007032821, -0.014143138, 0.00879587, 0.0047240667, 0.02286151, 0.012935482, -0.02383022, -0.0038490002, 0.04011743, -0.028699592, 0.01888335, 0.028725425, -0.025560977, 0.013729823, 0.0027527455, 0.05117362, -0.044147257, -0.0048047923, -0.007969239, 0.006086716, -0.011566374, -0.024036877, -0.004914579, -0.025715971, 0.004562615, -0.019193336, 0.0039587873, 0.00550872, -0.004297835, 0.016945934, 0.0169201, 0.04301064, 0.014853524, 0.017875893, 6.2108316E-5, -0.025018502, 0.021686146, -0.01841837, 0.0058994326, 0.027666304, 0.010126228, -0.010074564, -0.041073225, 0.015538078, 0.02512183, -0.028699592, 0.021647397, -0.06199732, 0.046188, 0.019852059, 0.039962437, 0.0098227, 0.004517409, -0.05641756, -0.0013352027, -0.026607182, -0.020885346, 0.0034356848, -0.0072201043, 0.005725065, 0.04616217, 0.006125464, 0.038774155, 0.023119833, 0.029448727, 0.0362426, -0.03342689, -0.018909182, 0.013090475, 0.004104093, -0.007032821, -0.04745378, -0.0493912, -0.02070452, -0.001612899, 0.029319566, -0.04068574, -0.011953858, -0.0431398, -0.0019600193, 0.03717256, -0.0258193, -0.034460176, 0.040789068, 0.00481125, 0.017669236, 0.029913707, 0.0011325813, 0.004230025, 0.020962844, 0.007924032, 0.04396643, 0.012199264, 3.1664647E-4, 0.0347185, 0.026917169, 0.01320672, 0.012786947, 0.009977694, -0.015848065, 0.0022183415, 0.022474028, -0.004207422, -0.01672636, -0.025225159, -0.01818588, 0.01533142, 0.024398528, -0.013251927, 0.002210269, -0.020136213, -0.01334234, 0.022151126, -0.03229027, -0.018599195, 0.019038344, -0.0035228685, 0.034925155, 0.0041299257, -0.0073686396, -0.022616105, 0.021608649, 0.025108915, -0.0069617825, 0.008479425, 0.031644464, -0.034356847, 0.0142723, -9.3964685E-4, 0.03474433, 0.001310985, 0.016287213, -0.005418307, -0.009712913, 0.007420304, 0.007614046, 0.042829815, -0.060912367, -0.026116371, -0.02641344, -0.018147131, 0.01340692, 0.0060544256, 0.025922628, 0.024734346, 0.0067486665, 0.0056669423, -0.01715259, 0.01778548, -0.015873896, -0.032806914, 9.2350174E-4, -0.02605179, 0.012238013, -0.015357252, -0.03285858, -0.008188812, 0.016080555, -0.014543538, 0.018366706, 0.03637176, 0.023184413, 0.022009049, 0.012431754, -0.026400525, 0.0074332203, -0.01735925, -0.028002122, 0.021285746, 0.014504789, 0.032729417, -0.0023636478, 0.005621736, 0.017100926, -0.0037456714, -0.0156026585, -0.018392539, 0.033556048, 0.005999532, 3.1483013E-4, 0.0285446, 0.003358188, -0.006464512, 0.024605187, -0.029112907, 0.024618102, -0.014026893, -0.015215175, -0.003030442, -0.005266543, 0.016700529, -0.04324313, -0.0023959382, 0.0048693726, 0.02435978, 0.030120363, -0.0044915765, 0.004549699, -0.021117836, -0.015641406, -0.037017565, -0.0058800583, -0.02395938, 0.047531277, 0.01928375, 0.0040072226, 0.012870901, -0.0013553841, -0.020252457, 0.010888279, 0.09015443, 0.023623561, 0.015396001, 0.0157964, 0.042855646, 0.017333416, 0.038851652, 0.020859515, -0.016713444, -0.027485479, 0.021363243, 0.0027366003, 0.035700124, 0.006729292, 0.020007052, 0.0019761645, -0.06731875, -0.029939538, -0.00766571, 0.013019437, 0.023378156, -7.095787E-4, 0.018780021, -0.008389012, 0.0072330204, 6.328893E-4, -0.0081758965, -0.03670758, -0.0258193, 0.04406976, 0.021195333, -0.003175748, 0.03458934, 0.013626494, -0.01795339, -1.4702164E-4, 0.0019535613, 0.0042106514, -0.0139364805, -0.0031967368, -0.0043624155, 0.012560915, 0.022176957, 0.01035226, 0.03125698, 0.0066582537, -0.008389012, 0.002436301, -0.039032478, 0.022357782, 0.040737405, -0.006684086, 0.017436747, -0.00428169, 0.0011600279, -0.0032274125, -0.0047369828, -0.04184819, 0.03810252, 0.024643933, 0.018224629, 3.6911815E-4, 0.016532619, 0.013135682, 0.012554457, 0.001503112, -0.0037747326, -0.01729467, 0.019141672, -0.019890806, -0.0048177084, 0.020317039, -0.0019035115, 0.014065642, -0.023094, 0.019826226, 0.013561914, -0.0028689904, 0.03040452, 0.017914642, -0.03342689, 0.0013763728, 0.015241007, 0.03205778, -0.010139145, -0.042984806, -0.03381437, -0.0151505945, -0.021311577, 0.011882819, 0.024011046, 0.019167505, 0.024514774, 0.012154058, -0.011682619, -0.007859452, -0.0025977523, -0.041124888, 0.010248932, 0.038180016, 0.024269367, 0.011191808, 0.013691074, 0.048383743, -0.020007052, 0.0016871666, -0.0040201386, -0.016338877, -0.009299598, 0.0048273955, 0.03089533, 0.0040201386, 0.005647568, -0.027149659, -0.017423829, -0.013445669, 0.009984151, 0.035803452, 0.0042106514, -0.012896734, 0.013445669, 0.010810782, 0.011107853, -0.020562444, 0.0129483985, -0.018534616, 0.044689734, 0.035028484, 0.023998128, -0.013768571, 0.014879356, 0.023158582, 0.0067228344, 0.007543007, 0.04316563, 0.025483482, -0.012418838, 0.01131451, 0.010358718, -0.0188446, -0.049287867, 0.009738745, 0.009648332, -0.019968303, 0.03288441, -0.017243003, -0.01290965, 0.010668705, -0.01755299, 0.035855114, 0.021647397, -0.0061771288, -0.0064871153, -0.016907185, -0.0045658443, 0.008317973, -0.02127283, 0.023946464, 0.021776559, -0.025767636, -0.0188446, -0.018896267, -0.018702524, 0.008698999, 0.016790941, 0.027588807, -0.029267902, -0.034356847, 0.008453593, -0.021117836, -0.023352323, 0.011010982, -0.01708801, 0.0078077875, -0.014672698, 7.543814E-4, 0.009441675, -0.008957321, -0.016248465, 0.022809846, -0.0300687, -0.020136213, -0.016313044, -0.015241007, 0.03750838, -0.001452255, -0.006780957, 8.266309E-4, -0.004643341, -0.011805323, 0.023739807, -0.0016395384, 0.013019437, 0.017217172, -0.004559386, 0.015137679, -0.0067615826, 0.016442206, 0.0010074564, 0.020924095, -0.045464702, 0.0038780614, -0.018263377, 0.016635947, 0.043398123, 0.024863508, -0.0016048264, 0.002160219, -0.024385612, 0.036423426, 0.020329954, 0.020549528, -0.050424486, 0.017798398, 0.0064225346, 0.01334234, -0.008001529, 0.021324495, 0.019542072, 0.011082021, -0.010313512, 0.008879825, -0.00929314, -0.037792534, -0.03342689, -0.0014490258, 0.029810378, -0.022654854, -0.013355256, -0.017772565, 0.023804387, 0.029267902, -0.02406271, 0.016003057, 0.020497864, -0.037792534, -0.0041622156, 0.0054441397, 0.018172964, -0.036190934, -0.038386673, -0.0037230682, 0.002279693, 0.029552056, -0.028518766, 0.017075095, -0.03836084, 0.014608119, 3.6649455E-4, -0.0091058565, -0.034331016, -0.011734284, 0.005156756, -0.050966963, -0.019206252, 0.014840608, 0.02751131, 0.009990609, -0.017346334, -0.021466572, 0.0071296915, 0.0020326725, -0.019929554, -0.0028770631, 0.024643933, -0.0063805575, 4.9323385E-4, -0.011385549, -7.293565E-4, 0.042623155, -0.0019503323, 0.0048047923, -0.0058929743, -0.01945166, -0.02833794, -0.022009049, -0.005369872, 0.0066582537, -4.026193E-4, -0.0044786604, -0.0050437404, -0.028389605, 0.049262036, 0.012987147, 0.01642929, -0.0106880795, -0.019903723, 0.0051599853, -0.018625028, -0.03169613, -0.036423426, -0.027123827, 7.551887E-4, -0.014840608, -0.012083019, 0.032781083, -0.003364646, -0.018909182, 0.012321967, 0.020032883, -0.011856987, 0.02810545, -0.016984683, -0.018405454, 0.014259383, 0.0026429587, 0.011036814, -0.040504914, 0.012890276, -0.013264843, 0.050295323, -0.020368703, -0.011030356, 0.0091639785, 0.004026597, -0.012502792, 0.01865086, -0.004824166, 0.011708452, 0.022874428, -0.012089477, 0.005050198, 0.0050792596, -0.01340692, -0.021582816, 0.011559917, -0.022990672, 0.021156585, 0.022331951, 0.0026591038, -0.029681217, 0.024992669, 0.029009579, 0.011798865, 0.047376283, 3.5317484E-5, -0.029681217, -0.010416841, 0.01509893, -0.01334234, -0.037379216, -0.016364709, 0.06509718, -0.013988145, 0.002027829, 0.030792002, -0.014556454, -0.0031515304, 0.024282284, 0.017669236, 0.008337348, -0.014750196, 0.009209185, -0.057760835, -0.006845537, -0.008227561, 0.044147257, -0.039910775, 0.017501326, 0.0043624155, -0.021376159, 0.021518236, -0.010565377, -0.01410439, 0.0016048264, 8.137148E-4, 0.022319036, -0.031153653, 0.06985031, -0.024166038, -0.031205317, 0.033297725, -6.171478E-4, -0.004320438, 0.018082552, 0.03763754, -0.016274296, 0.028492935, -0.0063611832, -0.022280287, 0.024424361, 0.005389246, -0.022383615, 0.0027592035, 0.008963779, -0.013129224, -0.031799458, 0.0026865504, -0.039574955 ],
  "verified" : null
}" }
	]
	tool_execution_results=[]
	}}
--------


---------
NodeOutput{node=model, state={
	agent_response=Here's a random recipe from your list:

### Recipe Title: 6585ab180b6b7b8902a5db9e

- **Source:** EVERNOTE
- **Author:** Jamie
- **Notes:** Contains a PDF with the recipe details.
- **Tags:** Medium, Main Course, Vegetable

Unfortunately, the detailed ingredients and steps are not available for this recipe as it contains a PDF with the details.
	messages=[
	UserMessage { name = null contents = [TextContent { text = "Please show me a random recipe from my list" }] }
	AiMessage { text = null, thinking = null, toolExecutionRequests = [ToolExecutionRequest { id = "call_0kA23gOlkOPYf0YVDfdYjorZ", name = "getAllRecipes", arguments = "{}" }], attributes = {} }
	ToolExecutionResultMessage { id = "call_0kA23gOlkOPYf0YVDfdYjorZ" toolName = "getAllRecipes" text = "[ {
  "id" : "fd93af22-5a2a-4cc8-8108-aa68ceec46e2",
  "title" : "15 Minute Swedish Meatballs",
  "tags" : [ "Easy", "Comfort Food", "Vegetarian", "Main Course" ]
}, {
  "id" : "fd49a053-ccac-4d93-b483-e18ad5f7690a",
  "title" : "27 Diagrams That Make Cooking So Much Easier",
  "tags" : [ "Technique", "Main Course" ]
}, {
  "id" : "09f77129-941c-4b30-b740-60c10d983cc6",
  "title" : "6585ab180b6b7b8902a5db9e",
  "tags" : [ "Medium", "Main Course", "Vegetable" ]
}, {
  "id" : "0bb9b040-2bb8-4f90-98f0-37dd2b791cd7",
  "title" : "All-Purpose Cornbread",
  "tags" : [ "Vegetarian", "Bread" ]
}, {
  "id" : "02a4c477-ad4d-4aec-88af-4f488b976fd7",
  "title" : "All-Purpose Gravy",
  "tags" : [ "Sauce" ]
} ]" }
	AiMessage { text = null, thinking = null, toolExecutionRequests = [ToolExecutionRequest { id = "call_92bBVms4buth2H00srmRvOEf", name = "getRecipeById", arguments = "{"arg0":"09f77129-941c-4b30-b740-60c10d983cc6"}" }], attributes = {} }
	ToolExecutionResultMessage { id = "call_92bBVms4buth2H00srmRvOEf" toolName = "getRecipeById" text = "{
  "id" : "09f77129-941c-4b30-b740-60c10d983cc6",
  "title" : "6585ab180b6b7b8902a5db9e",
  "source" : "EVERNOTE",
  "author" : "Jamie",
  "sourceUrl" : null,
  "yield" : null,
  "notes" : "Contains a PDF with the recipe details.",
  "ingredients" : null,
  "steps" : null,
  "createdInSource" : null,
  "updatedInSource" : null,
  "tags" : [ "Medium", "Main Course", "Vegetable" ],
  "embedding" : [ 0.008731289, -0.032574426, 0.017075095, -0.043088138, -0.0377667, 0.0042364835, 0.02867376, 0.027769633, -0.023533149, -0.014621034, 0.047841266, -0.046807975, 0.0023830219, -0.007278227, -4.8717944E-4, 0.04766044, 0.04592968, 0.01715259, 0.016519703, 0.022693602, 0.050501984, -0.025599726, 0.051354446, 0.06525218, 0.017281752, -0.011966774, -0.010713912, -0.008240477, 0.030817835, -0.008182354, 0.028467102, -0.05140611, -0.034201853, 0.008776495, -0.018030887, -0.05233607, 0.020252457, -0.020833682, -0.03322023, 0.039962437, -0.028699592, 0.014659783, 0.009312514, 0.041202385, 0.0052116495, 0.015021434, -0.011359717, 0.011785949, -9.743589E-4, -0.015047266, -0.0075752973, 0.030249525, 0.009732287, 0.03905831, -0.0073686396, -0.0074784267, -0.017385082, 0.06664712, 0.024398528, 0.024514774, 0.042261507, -0.078994915, 0.013600661, -0.015176427, 0.006312748, -0.025444733, -0.025250992, 0.029810378, 0.020291205, 0.01748841, 0.0093318885, 0.006813247, -0.020162044, -0.021208249, 0.04277815, -0.03172196, -0.07754831, -0.03112782, -0.0066453377, -0.06633713, 0.008079026, 0.007336349, -0.026943002, -0.0073686396, 0.009751662, -0.06080904, -0.07114192, -0.04055658, -0.018947931, 0.0072071883, -0.008634418, -0.012619037, -0.006813247, 0.022874428, 0.03288441, 0.005605591, -0.036759242, -0.0138719, -0.034666833, 0.0323936, 0.030275358, -0.036526754, -0.034873493, -0.013129224, 0.018495867, 0.004075032, 0.024088541, -0.016351793, 0.014646866, -0.033736873, -0.034563504, 0.03254859, 0.03810252, -0.018457118, 0.028854586, -3.400569E-4, 0.0385675, -0.004633654, -0.026478022, -0.011889277, -0.031076156, 0.008040277, -0.03670758, -0.0601374, -0.025599726, 0.03089533, 0.017707985, 0.017075095, 0.013561914, -0.06948866, 0.029552056, -0.0145306215, 0.029681217, 0.0051922756, -0.027097994, -0.012296135, -0.024049792, 0.034641, 0.009112314, 0.021053256, 0.039600786, -0.019903723, 0.05615924, 0.015073098, -0.012283219, 0.009189811, -0.022112377, -0.0011140143, 0.020782018, 0.023881884, -0.013536082, 0.033297725, -0.053524353, 0.015344337, 0.00909294, -0.04360478, 0.038748324, 0.01566724, -0.034098525, 0.038541667, -0.0020132985, -0.030223694, 0.025470566, -0.030817835, 0.018134216, 0.019232085, -0.031541135, -8.64572E-4, -0.03843834, -0.03577762, 0.0022393302, -0.0376892, 0.05001117, -0.003354959, -0.0315928, 6.57107E-4, 0.0063870153, -0.07956322, -0.0027995664, -0.045542195, 0.003587449, 0.072278544, -0.0169201, 8.8717515E-4, 0.0020197565, 0.013394004, -0.0010930257, 0.016584283, 0.014982685, -0.0010688079, 0.0031273128, 0.015047266, 0.024643933, -0.05197442, -0.026232615, -0.033142734, 0.04045325, -0.045903847, 0.09433925, 0.080958165, -0.022926092, 0.08571129, 0.010035816, 0.014931021, -0.01509893, -0.03099866, -0.037043396, -0.015447665, -0.048306245, -0.0223707, 0.047169626, -0.011850529, 0.033633545, 0.0200458, -0.06380557, 0.018521698, -0.04918454, -0.0022457882, 0.029552056, 0.030094532, -0.022551525, -0.008744205, 0.030120363, 0.012845069, 0.0065969024, -0.04301064, 0.015512246, -0.028957915, -0.0060576545, -0.013471501, 0.019606652, 0.013587746, -0.018095467, -0.019955387, 0.019206252, 0.051251117, -0.012399464, 0.0027123827, -0.010294138, -0.03882582, -0.0055894456, 0.02455352, 0.008066109, 0.024966836, -0.0046110507, 0.008866908, 0.014608119, -0.09919571, 0.0025912942, 0.05491929, 0.029707048, 0.046704646, -0.036294263, 9.3722506E-4, 0.017333416, -0.0024185413, -0.012083019, 0.016571367, 0.0439406, 3.852633E-4, 0.0032096528, -0.02051078, -0.013193805, 0.012974231, -0.0010486265, 0.050140332, 0.028932082, 0.02528974, 0.014853524, 0.011540542, -6.3652196E-4, -0.007878826, 0.08927614, 0.017436747, -0.01569307, -0.03557096, -0.017565906, 0.014892273, 0.0030449724, 0.028699592, -0.006780957, 0.031747792, -0.0156026585, -0.022319036, 0.011159518, 0.04024659, 0.029629553, -0.005531323, 0.0140785575, -0.028518766, -6.954517E-4, 0.014995601, 0.055280942, 0.02432103, -0.036991734, 0.0011051345, 0.016907185, 0.016984683, 0.039239135, 0.002310369, 0.021905718, 0.04732462, 0.046652984, -0.014956853, 0.020265374, 0.044121426, -0.032936074, -0.034821827, 0.00862796, 0.0036843198, -0.054350983, 0.0028496163, 0.026529687, -0.01901251, 9.2834525E-4, -0.02833794, -0.008789412, 0.037482545, -0.02286151, -0.0047079213, 0.06525218, 0.0033872493, 0.05827748, -0.036759242, 0.010113313, 0.0020568902, -0.0011632569, 0.009441675, 0.004165445, -0.014130223, 0.007885284, -0.030921163, -0.014091474, -0.039239135, 0.002757589, -0.0077238325, -9.7355165E-4, -0.011237014, 0.010571835, 0.029087076, -0.032341935, -0.084678, -0.01270945, 0.026000125, -0.020407451, -0.063237265, -0.007084485, -0.016842606, 0.017824229, -0.015783483, -0.025095997, 0.05724419, -0.009803326, -0.015525162, 0.002588065, -0.014659783, 0.0075882133, -0.039109975, 0.01921917, 0.0022361013, -0.040711574, 0.041693196, -0.025560977, 0.019554988, -0.014698531, -0.0022877657, -0.0755334, -0.027097994, -0.0042493995, -0.009028359, -0.008518173, 0.013716906, -0.05445431, -0.00262197, -0.023442736, -0.0074719684, 0.0091639785, 0.046782143, -0.035028484, -0.019309582, 0.026788007, 0.010623499, -0.0037844197, 0.015809316, 0.044689734, -0.018728357, 0.04825458, 0.045387205, 0.016842606, -0.021531152, -0.01947749, -0.02833794, -0.0061416095, -0.017862977, -0.007969239, 0.034537673, 0.029087076, 0.025870964, -0.0037327553, -0.036681745, 0.0640639, 0.01300652, -0.045748856, 0.0015838378, 0.046110507, 0.010823699, 0.011785949, -0.0064838864, -0.029784545, 0.033246063, 0.0017630487, -0.0061609834, 0.02751131, -0.0058736, 0.01708801, -0.028002122, 0.0071038594, 0.06199732, 0.010029358, 0.020355787, -0.024708515, -0.040840734, 0.010029358, 0.0076721683, 0.0111401435, 0.023533149, 0.07759998, -0.03043035, 0.0017372165, -0.008569838, -0.033375222, -0.011153059, 0.0054086205, -0.011553459, -0.0041622156, -0.026839672, -0.04732462, 0.03169613, 0.0026736343, -0.016209716, 0.009357721, 0.01433688, -0.0011495337, -0.025625559, -0.018767105, -0.003477662, 0.046911303, -0.027666304, -0.0076850844, -0.031928618, -0.019981219, -0.0011083635, -0.014595202, -0.018870434, -0.055590928, 0.041331545, 0.0119474, 0.007504259, 0.030559512, 0.026103454, 0.041693196, -0.009383553, 0.0028996663, 0.038670827, -0.015370169, 0.03706923, 0.01403981, 0.041693196, 0.043191466, -0.045128882, 0.021828223, -0.0053731008, -0.0238948, -0.004065345, -0.020601192, -0.016584283, -0.015434749, -0.0011180507, -0.043398123, 0.025599726, 0.0067874147, -0.008440677, -0.020523695, -0.0041073225, -0.015408917, 0.056572553, 0.029035412, 0.03823168, -0.021117836, -6.187623E-4, -0.0055603846, 0.008453593, -0.047996257, -0.01320672, 0.02820878, -0.026736343, -0.009028359, -0.07078027, 0.023352323, -0.0032209544, 0.03541597, 0.006910118, -0.016300129, 0.02751131, -0.008453593, -0.0094739655, -0.012166974, 0.008989612, 0.042829815, 0.056830876, -0.021066172, -0.0067551243, 0.036914237, 2.1127423E-7, 0.007336349, 0.0068907435, -0.018431285, 0.025715971, 0.017268836, 0.039910775, -0.023881884, 0.005040511, -0.0043398123, -0.012670702, -0.007278227, 2.5105686E-4, 0.037818365, -0.04280398, 0.008472967, -0.04742795, 0.05956909, 0.0017646633, -0.0027156118, 0.008957321, -0.01171491, 0.027459646, 0.021854054, 0.014143138, -0.019193336, -0.0493912, 0.009028359, 0.016119303, 0.011727826, 7.709302E-4, 0.01145013, -0.032600258, 0.01818588, -0.026400525, -0.0060189064, 0.009073566, -0.03461517, -0.020019967, 0.025664307, 0.0027931083, 0.04825458, 0.006916576, 0.006697002, -0.042933144, 6.797102E-4, 0.019516239, 0.019684149, -0.02810545, -0.022306118, -0.023610646, -0.03182529, -0.013161514, -0.0074461363, -0.023352323, 0.015951393, 0.0031095531, -0.010177894, -0.01480186, 0.011372633, 0.013768571, 0.051225286, 0.01918042, 0.030120363, 0.018108383, -0.02751131, 0.0050566564, -0.03916164, 0.0041589867, 0.0044818893, 0.041202385, -0.028467102, 0.059775747, 0.05734752, 0.041228216, -0.010843073, 0.050786138, -0.009687081, 0.015550994, -0.010920569, -0.0013004906, -0.004297835, -0.004091177, -0.025548061, 0.0013892889, -0.00358422, -0.028415438, 0.013316507, -0.020200793, -0.024372695, 0.03670758, 0.027769633, 0.04556803, -0.005027595, 6.752703E-4, 0.009893739, -0.022357782, -0.017307585, 0.026994666, 0.01151471, -0.027614638, -0.013833152, 0.02093701, 0.014323964, -0.0047563566, -0.017010514, -0.023352323, 0.009222101, 0.020885346, 0.006942408, -0.026736343, -0.025728887, -0.012289677, -0.0377667, -0.004456057, -0.018172964, -0.0029820064, -0.03458934, -0.011863445, 0.041099057, -0.03541597, 0.036914237, 0.026297197, 0.015641406, -0.016313044, -0.003687549, -0.0062320223, 0.016003057, -0.005021137, 0.038257513, -0.008782953, -0.0012536697, -1.1896947E-4, -0.03810252, -0.013394004, -0.01947749, -0.020924095, -0.004420538, -0.03802502, 0.0080984, -0.0048273955, -0.0024185413, 0.015189343, 0.0017485181, -0.032238606, 0.010965776, -0.032238606, 0.01264487, 0.017410913, 0.005395704, -8.468123E-4, 8.8556064E-4, 0.051457774, 0.02300359, -0.020149129, -0.018560447, -0.0010276379, 0.035260975, -0.0020988677, 0.013226095, 0.012018438, 0.023804387, 0.014001061, 0.029707048, 0.010068106, 0.019438742, -0.0038877486, 0.023158582, 0.007639878, 0.005757355, 0.010494337, 0.024398528, -0.026335943, -0.0036617166, 0.02681384, 0.040169097, 0.011760117, -0.013768571, 5.6104345E-4, 0.007161982, -0.008879825, 0.0315928, 0.028957915, 0.011475962, 0.014866441, 0.008208186, -0.09232434, -0.017604655, 0.007097401, -0.02844127, 0.02412729, -0.015977226, 1.635704E-4, 0.014026893, 0.015408917, 0.021298662, -0.04427642, -0.016984683, -0.0010421685, -0.06003407, 0.015848065, 0.005001763, -0.0013763728, -0.022293203, -0.0021166273, -0.014478957, -0.006115777, 0.026323028, 0.016222632, -0.008531089, -0.035131812, 0.010778492, -0.0015265226, 0.010093939, 0.017875893, -0.008847534, 0.004459286, 0.0011366175, -0.012935482, 0.02127283, 0.014130223, -0.007872368, 0.04370811, -0.04171903, 0.016468037, -0.004798334, -0.002475049, -0.025341405, -0.053472687, 0.0032710044, 0.023907715, -0.0029658612, -0.01901251, -0.0033258977, -0.0041073225, -0.068042055, 0.030688673, -0.04572302, 0.01055246, -0.01151471, 0.009887281, 0.054609306, -0.028699592, 0.00816298, -0.021996131, 0.0053375815, 0.03833501, -0.016248465, 0.012748199, 0.025858048, -0.018805854, -0.029242069, -0.0037262973, 0.044018097, -0.01363941, 0.0019454887, 0.04383727, -0.016984683, -0.03381437, -0.0035583877, 0.014931021, 0.039549123, -0.021492403, -0.018947931, -0.006942408, 0.011585749, 0.0285446, 0.04600718, -0.01905126, 0.019322498, -0.011805323, 0.024682682, -0.0065097185, -0.011630955, 0.012586747, -0.09335763, -0.04616217, -0.010881821, -0.03066284, 0.013038811, -0.018392539, 0.029009579, -0.0010300596, 0.002581607, -0.06303061, 0.0048209373, 0.05796749, -0.024256451, -0.03133448, -0.0014474114, 0.019554988, 0.044121426, 0.025212243, -0.04391477, 0.029500391, 0.019425826, 0.0038651454, -0.008279225, 0.014220635, -0.014130223, 0.013129224, 0.025018502, -0.024114374, 0.017695067, -0.010623499, 0.0010639644, 0.0068649114, -0.0068519954, -0.01725592, 0.011146601, 7.7981E-4, -0.02857043, 0.04197735, -0.04311397, 0.007936948, 0.023313574, 0.017992139, 0.009835617, 0.008821702, 0.011676162, 0.0200458, 0.014827692, 0.03588095, -0.0026429587, 0.0134844165, -0.022344867, 0.018392539, 0.0145306215, 0.033711042, -0.03218694, -0.0076334197, 0.00501145, -0.003342043, -0.004785418, 0.022939008, 0.0025299427, 0.007969239, -0.017669236, -0.010132687, 0.004291377, 0.0067422083, -0.031308647, 0.014504789, 0.009435217, 0.006948866, -0.0021957383, -0.008311516, -0.019981219, 0.010087481, -0.01503435, 0.014233551, 0.027020497, -0.050656974, -0.008757121, -0.013962313, 0.02302942, 0.025315572, -0.03603594, -0.034046862, 0.0017097698, -0.031024491, 0.014311047, 0.0015644636, -0.034847658, 0.023688141, -0.019425826, -0.010533086, 0.017062178, -0.034795996, -0.011256388, -0.0016936247, 0.0026397295, 0.0063999314, 0.048771225, 0.050966963, 0.0137944035, -0.00335173, -9.1946544E-4, -0.031411976, 0.0081758965, 0.018612111, -0.0097581195, 0.02681384, -0.015266839, -0.009712913, 0.042752318, 0.00720073, 0.007291143, -0.00912523, 0.006697002, 0.010823699, 0.030507848, -0.0026478022, -0.006813247, 0.004058887, -0.010539544, -3.3682788E-4, 0.018792937, 0.009990609, 0.011049731, -0.028131284, 0.015977226, 0.010888279, 0.0041460707, -0.006716376, -0.005279459, 0.0138719, 0.029293733, -0.012567373, 0.009312514, -0.0052181077, -0.021608649, -0.003474433, 0.015421833, -0.005137382, 0.035958447, -0.016907185, 0.013858984, 0.0011220869, -0.029216237, 0.04941703, 0.023210246, -0.035803452, -0.02104034, -0.007032821, -0.014143138, 0.00879587, 0.0047240667, 0.02286151, 0.012935482, -0.02383022, -0.0038490002, 0.04011743, -0.028699592, 0.01888335, 0.028725425, -0.025560977, 0.013729823, 0.0027527455, 0.05117362, -0.044147257, -0.0048047923, -0.007969239, 0.006086716, -0.011566374, -0.024036877, -0.004914579, -0.025715971, 0.004562615, -0.019193336, 0.0039587873, 0.00550872, -0.004297835, 0.016945934, 0.0169201, 0.04301064, 0.014853524, 0.017875893, 6.2108316E-5, -0.025018502, 0.021686146, -0.01841837, 0.0058994326, 0.027666304, 0.010126228, -0.010074564, -0.041073225, 0.015538078, 0.02512183, -0.028699592, 0.021647397, -0.06199732, 0.046188, 0.019852059, 0.039962437, 0.0098227, 0.004517409, -0.05641756, -0.0013352027, -0.026607182, -0.020885346, 0.0034356848, -0.0072201043, 0.005725065, 0.04616217, 0.006125464, 0.038774155, 0.023119833, 0.029448727, 0.0362426, -0.03342689, -0.018909182, 0.013090475, 0.004104093, -0.007032821, -0.04745378, -0.0493912, -0.02070452, -0.001612899, 0.029319566, -0.04068574, -0.011953858, -0.0431398, -0.0019600193, 0.03717256, -0.0258193, -0.034460176, 0.040789068, 0.00481125, 0.017669236, 0.029913707, 0.0011325813, 0.004230025, 0.020962844, 0.007924032, 0.04396643, 0.012199264, 3.1664647E-4, 0.0347185, 0.026917169, 0.01320672, 0.012786947, 0.009977694, -0.015848065, 0.0022183415, 0.022474028, -0.004207422, -0.01672636, -0.025225159, -0.01818588, 0.01533142, 0.024398528, -0.013251927, 0.002210269, -0.020136213, -0.01334234, 0.022151126, -0.03229027, -0.018599195, 0.019038344, -0.0035228685, 0.034925155, 0.0041299257, -0.0073686396, -0.022616105, 0.021608649, 0.025108915, -0.0069617825, 0.008479425, 0.031644464, -0.034356847, 0.0142723, -9.3964685E-4, 0.03474433, 0.001310985, 0.016287213, -0.005418307, -0.009712913, 0.007420304, 0.007614046, 0.042829815, -0.060912367, -0.026116371, -0.02641344, -0.018147131, 0.01340692, 0.0060544256, 0.025922628, 0.024734346, 0.0067486665, 0.0056669423, -0.01715259, 0.01778548, -0.015873896, -0.032806914, 9.2350174E-4, -0.02605179, 0.012238013, -0.015357252, -0.03285858, -0.008188812, 0.016080555, -0.014543538, 0.018366706, 0.03637176, 0.023184413, 0.022009049, 0.012431754, -0.026400525, 0.0074332203, -0.01735925, -0.028002122, 0.021285746, 0.014504789, 0.032729417, -0.0023636478, 0.005621736, 0.017100926, -0.0037456714, -0.0156026585, -0.018392539, 0.033556048, 0.005999532, 3.1483013E-4, 0.0285446, 0.003358188, -0.006464512, 0.024605187, -0.029112907, 0.024618102, -0.014026893, -0.015215175, -0.003030442, -0.005266543, 0.016700529, -0.04324313, -0.0023959382, 0.0048693726, 0.02435978, 0.030120363, -0.0044915765, 0.004549699, -0.021117836, -0.015641406, -0.037017565, -0.0058800583, -0.02395938, 0.047531277, 0.01928375, 0.0040072226, 0.012870901, -0.0013553841, -0.020252457, 0.010888279, 0.09015443, 0.023623561, 0.015396001, 0.0157964, 0.042855646, 0.017333416, 0.038851652, 0.020859515, -0.016713444, -0.027485479, 0.021363243, 0.0027366003, 0.035700124, 0.006729292, 0.020007052, 0.0019761645, -0.06731875, -0.029939538, -0.00766571, 0.013019437, 0.023378156, -7.095787E-4, 0.018780021, -0.008389012, 0.0072330204, 6.328893E-4, -0.0081758965, -0.03670758, -0.0258193, 0.04406976, 0.021195333, -0.003175748, 0.03458934, 0.013626494, -0.01795339, -1.4702164E-4, 0.0019535613, 0.0042106514, -0.0139364805, -0.0031967368, -0.0043624155, 0.012560915, 0.022176957, 0.01035226, 0.03125698, 0.0066582537, -0.008389012, 0.002436301, -0.039032478, 0.022357782, 0.040737405, -0.006684086, 0.017436747, -0.00428169, 0.0011600279, -0.0032274125, -0.0047369828, -0.04184819, 0.03810252, 0.024643933, 0.018224629, 3.6911815E-4, 0.016532619, 0.013135682, 0.012554457, 0.001503112, -0.0037747326, -0.01729467, 0.019141672, -0.019890806, -0.0048177084, 0.020317039, -0.0019035115, 0.014065642, -0.023094, 0.019826226, 0.013561914, -0.0028689904, 0.03040452, 0.017914642, -0.03342689, 0.0013763728, 0.015241007, 0.03205778, -0.010139145, -0.042984806, -0.03381437, -0.0151505945, -0.021311577, 0.011882819, 0.024011046, 0.019167505, 0.024514774, 0.012154058, -0.011682619, -0.007859452, -0.0025977523, -0.041124888, 0.010248932, 0.038180016, 0.024269367, 0.011191808, 0.013691074, 0.048383743, -0.020007052, 0.0016871666, -0.0040201386, -0.016338877, -0.009299598, 0.0048273955, 0.03089533, 0.0040201386, 0.005647568, -0.027149659, -0.017423829, -0.013445669, 0.009984151, 0.035803452, 0.0042106514, -0.012896734, 0.013445669, 0.010810782, 0.011107853, -0.020562444, 0.0129483985, -0.018534616, 0.044689734, 0.035028484, 0.023998128, -0.013768571, 0.014879356, 0.023158582, 0.0067228344, 0.007543007, 0.04316563, 0.025483482, -0.012418838, 0.01131451, 0.010358718, -0.0188446, -0.049287867, 0.009738745, 0.009648332, -0.019968303, 0.03288441, -0.017243003, -0.01290965, 0.010668705, -0.01755299, 0.035855114, 0.021647397, -0.0061771288, -0.0064871153, -0.016907185, -0.0045658443, 0.008317973, -0.02127283, 0.023946464, 0.021776559, -0.025767636, -0.0188446, -0.018896267, -0.018702524, 0.008698999, 0.016790941, 0.027588807, -0.029267902, -0.034356847, 0.008453593, -0.021117836, -0.023352323, 0.011010982, -0.01708801, 0.0078077875, -0.014672698, 7.543814E-4, 0.009441675, -0.008957321, -0.016248465, 0.022809846, -0.0300687, -0.020136213, -0.016313044, -0.015241007, 0.03750838, -0.001452255, -0.006780957, 8.266309E-4, -0.004643341, -0.011805323, 0.023739807, -0.0016395384, 0.013019437, 0.017217172, -0.004559386, 0.015137679, -0.0067615826, 0.016442206, 0.0010074564, 0.020924095, -0.045464702, 0.0038780614, -0.018263377, 0.016635947, 0.043398123, 0.024863508, -0.0016048264, 0.002160219, -0.024385612, 0.036423426, 0.020329954, 0.020549528, -0.050424486, 0.017798398, 0.0064225346, 0.01334234, -0.008001529, 0.021324495, 0.019542072, 0.011082021, -0.010313512, 0.008879825, -0.00929314, -0.037792534, -0.03342689, -0.0014490258, 0.029810378, -0.022654854, -0.013355256, -0.017772565, 0.023804387, 0.029267902, -0.02406271, 0.016003057, 0.020497864, -0.037792534, -0.0041622156, 0.0054441397, 0.018172964, -0.036190934, -0.038386673, -0.0037230682, 0.002279693, 0.029552056, -0.028518766, 0.017075095, -0.03836084, 0.014608119, 3.6649455E-4, -0.0091058565, -0.034331016, -0.011734284, 0.005156756, -0.050966963, -0.019206252, 0.014840608, 0.02751131, 0.009990609, -0.017346334, -0.021466572, 0.0071296915, 0.0020326725, -0.019929554, -0.0028770631, 0.024643933, -0.0063805575, 4.9323385E-4, -0.011385549, -7.293565E-4, 0.042623155, -0.0019503323, 0.0048047923, -0.0058929743, -0.01945166, -0.02833794, -0.022009049, -0.005369872, 0.0066582537, -4.026193E-4, -0.0044786604, -0.0050437404, -0.028389605, 0.049262036, 0.012987147, 0.01642929, -0.0106880795, -0.019903723, 0.0051599853, -0.018625028, -0.03169613, -0.036423426, -0.027123827, 7.551887E-4, -0.014840608, -0.012083019, 0.032781083, -0.003364646, -0.018909182, 0.012321967, 0.020032883, -0.011856987, 0.02810545, -0.016984683, -0.018405454, 0.014259383, 0.0026429587, 0.011036814, -0.040504914, 0.012890276, -0.013264843, 0.050295323, -0.020368703, -0.011030356, 0.0091639785, 0.004026597, -0.012502792, 0.01865086, -0.004824166, 0.011708452, 0.022874428, -0.012089477, 0.005050198, 0.0050792596, -0.01340692, -0.021582816, 0.011559917, -0.022990672, 0.021156585, 0.022331951, 0.0026591038, -0.029681217, 0.024992669, 0.029009579, 0.011798865, 0.047376283, 3.5317484E-5, -0.029681217, -0.010416841, 0.01509893, -0.01334234, -0.037379216, -0.016364709, 0.06509718, -0.013988145, 0.002027829, 0.030792002, -0.014556454, -0.0031515304, 0.024282284, 0.017669236, 0.008337348, -0.014750196, 0.009209185, -0.057760835, -0.006845537, -0.008227561, 0.044147257, -0.039910775, 0.017501326, 0.0043624155, -0.021376159, 0.021518236, -0.010565377, -0.01410439, 0.0016048264, 8.137148E-4, 0.022319036, -0.031153653, 0.06985031, -0.024166038, -0.031205317, 0.033297725, -6.171478E-4, -0.004320438, 0.018082552, 0.03763754, -0.016274296, 0.028492935, -0.0063611832, -0.022280287, 0.024424361, 0.005389246, -0.022383615, 0.0027592035, 0.008963779, -0.013129224, -0.031799458, 0.0026865504, -0.039574955 ],
  "verified" : null
}" }
	]
	tool_execution_results=[]
	}}
--------


---------
NodeOutput{node=__END__, state={
	agent_response=Here's a random recipe from your list:

### Recipe Title: 6585ab180b6b7b8902a5db9e

- **Source:** EVERNOTE
- **Author:** Jamie
- **Notes:** Contains a PDF with the recipe details.
- **Tags:** Medium, Main Course, Vegetable

Unfortunately, the detailed ingredients and steps are not available for this recipe as it contains a PDF with the details.
	messages=[
	UserMessage { name = null contents = [TextContent { text = "Please show me a random recipe from my list" }] }
	AiMessage { text = null, thinking = null, toolExecutionRequests = [ToolExecutionRequest { id = "call_0kA23gOlkOPYf0YVDfdYjorZ", name = "getAllRecipes", arguments = "{}" }], attributes = {} }
	ToolExecutionResultMessage { id = "call_0kA23gOlkOPYf0YVDfdYjorZ" toolName = "getAllRecipes" text = "[ {
  "id" : "fd93af22-5a2a-4cc8-8108-aa68ceec46e2",
  "title" : "15 Minute Swedish Meatballs",
  "tags" : [ "Easy", "Comfort Food", "Vegetarian", "Main Course" ]
}, {
  "id" : "fd49a053-ccac-4d93-b483-e18ad5f7690a",
  "title" : "27 Diagrams That Make Cooking So Much Easier",
  "tags" : [ "Technique", "Main Course" ]
}, {
  "id" : "09f77129-941c-4b30-b740-60c10d983cc6",
  "title" : "6585ab180b6b7b8902a5db9e",
  "tags" : [ "Medium", "Main Course", "Vegetable" ]
}, {
  "id" : "0bb9b040-2bb8-4f90-98f0-37dd2b791cd7",
  "title" : "All-Purpose Cornbread",
  "tags" : [ "Vegetarian", "Bread" ]
}, {
  "id" : "02a4c477-ad4d-4aec-88af-4f488b976fd7",
  "title" : "All-Purpose Gravy",
  "tags" : [ "Sauce" ]
} ]" }
	AiMessage { text = null, thinking = null, toolExecutionRequests = [ToolExecutionRequest { id = "call_92bBVms4buth2H00srmRvOEf", name = "getRecipeById", arguments = "{"arg0":"09f77129-941c-4b30-b740-60c10d983cc6"}" }], attributes = {} }
	ToolExecutionResultMessage { id = "call_92bBVms4buth2H00srmRvOEf" toolName = "getRecipeById" text = "{
  "id" : "09f77129-941c-4b30-b740-60c10d983cc6",
  "title" : "6585ab180b6b7b8902a5db9e",
  "source" : "EVERNOTE",
  "author" : "Jamie",
  "sourceUrl" : null,
  "yield" : null,
  "notes" : "Contains a PDF with the recipe details.",
  "ingredients" : null,
  "steps" : null,
  "createdInSource" : null,
  "updatedInSource" : null,
  "tags" : [ "Medium", "Main Course", "Vegetable" ],
  "embedding" : [ 0.008731289, -0.032574426, 0.017075095, -0.043088138, -0.0377667, 0.0042364835, 0.02867376, 0.027769633, -0.023533149, -0.014621034, 0.047841266, -0.046807975, 0.0023830219, -0.007278227, -4.8717944E-4, 0.04766044, 0.04592968, 0.01715259, 0.016519703, 0.022693602, 0.050501984, -0.025599726, 0.051354446, 0.06525218, 0.017281752, -0.011966774, -0.010713912, -0.008240477, 0.030817835, -0.008182354, 0.028467102, -0.05140611, -0.034201853, 0.008776495, -0.018030887, -0.05233607, 0.020252457, -0.020833682, -0.03322023, 0.039962437, -0.028699592, 0.014659783, 0.009312514, 0.041202385, 0.0052116495, 0.015021434, -0.011359717, 0.011785949, -9.743589E-4, -0.015047266, -0.0075752973, 0.030249525, 0.009732287, 0.03905831, -0.0073686396, -0.0074784267, -0.017385082, 0.06664712, 0.024398528, 0.024514774, 0.042261507, -0.078994915, 0.013600661, -0.015176427, 0.006312748, -0.025444733, -0.025250992, 0.029810378, 0.020291205, 0.01748841, 0.0093318885, 0.006813247, -0.020162044, -0.021208249, 0.04277815, -0.03172196, -0.07754831, -0.03112782, -0.0066453377, -0.06633713, 0.008079026, 0.007336349, -0.026943002, -0.0073686396, 0.009751662, -0.06080904, -0.07114192, -0.04055658, -0.018947931, 0.0072071883, -0.008634418, -0.012619037, -0.006813247, 0.022874428, 0.03288441, 0.005605591, -0.036759242, -0.0138719, -0.034666833, 0.0323936, 0.030275358, -0.036526754, -0.034873493, -0.013129224, 0.018495867, 0.004075032, 0.024088541, -0.016351793, 0.014646866, -0.033736873, -0.034563504, 0.03254859, 0.03810252, -0.018457118, 0.028854586, -3.400569E-4, 0.0385675, -0.004633654, -0.026478022, -0.011889277, -0.031076156, 0.008040277, -0.03670758, -0.0601374, -0.025599726, 0.03089533, 0.017707985, 0.017075095, 0.013561914, -0.06948866, 0.029552056, -0.0145306215, 0.029681217, 0.0051922756, -0.027097994, -0.012296135, -0.024049792, 0.034641, 0.009112314, 0.021053256, 0.039600786, -0.019903723, 0.05615924, 0.015073098, -0.012283219, 0.009189811, -0.022112377, -0.0011140143, 0.020782018, 0.023881884, -0.013536082, 0.033297725, -0.053524353, 0.015344337, 0.00909294, -0.04360478, 0.038748324, 0.01566724, -0.034098525, 0.038541667, -0.0020132985, -0.030223694, 0.025470566, -0.030817835, 0.018134216, 0.019232085, -0.031541135, -8.64572E-4, -0.03843834, -0.03577762, 0.0022393302, -0.0376892, 0.05001117, -0.003354959, -0.0315928, 6.57107E-4, 0.0063870153, -0.07956322, -0.0027995664, -0.045542195, 0.003587449, 0.072278544, -0.0169201, 8.8717515E-4, 0.0020197565, 0.013394004, -0.0010930257, 0.016584283, 0.014982685, -0.0010688079, 0.0031273128, 0.015047266, 0.024643933, -0.05197442, -0.026232615, -0.033142734, 0.04045325, -0.045903847, 0.09433925, 0.080958165, -0.022926092, 0.08571129, 0.010035816, 0.014931021, -0.01509893, -0.03099866, -0.037043396, -0.015447665, -0.048306245, -0.0223707, 0.047169626, -0.011850529, 0.033633545, 0.0200458, -0.06380557, 0.018521698, -0.04918454, -0.0022457882, 0.029552056, 0.030094532, -0.022551525, -0.008744205, 0.030120363, 0.012845069, 0.0065969024, -0.04301064, 0.015512246, -0.028957915, -0.0060576545, -0.013471501, 0.019606652, 0.013587746, -0.018095467, -0.019955387, 0.019206252, 0.051251117, -0.012399464, 0.0027123827, -0.010294138, -0.03882582, -0.0055894456, 0.02455352, 0.008066109, 0.024966836, -0.0046110507, 0.008866908, 0.014608119, -0.09919571, 0.0025912942, 0.05491929, 0.029707048, 0.046704646, -0.036294263, 9.3722506E-4, 0.017333416, -0.0024185413, -0.012083019, 0.016571367, 0.0439406, 3.852633E-4, 0.0032096528, -0.02051078, -0.013193805, 0.012974231, -0.0010486265, 0.050140332, 0.028932082, 0.02528974, 0.014853524, 0.011540542, -6.3652196E-4, -0.007878826, 0.08927614, 0.017436747, -0.01569307, -0.03557096, -0.017565906, 0.014892273, 0.0030449724, 0.028699592, -0.006780957, 0.031747792, -0.0156026585, -0.022319036, 0.011159518, 0.04024659, 0.029629553, -0.005531323, 0.0140785575, -0.028518766, -6.954517E-4, 0.014995601, 0.055280942, 0.02432103, -0.036991734, 0.0011051345, 0.016907185, 0.016984683, 0.039239135, 0.002310369, 0.021905718, 0.04732462, 0.046652984, -0.014956853, 0.020265374, 0.044121426, -0.032936074, -0.034821827, 0.00862796, 0.0036843198, -0.054350983, 0.0028496163, 0.026529687, -0.01901251, 9.2834525E-4, -0.02833794, -0.008789412, 0.037482545, -0.02286151, -0.0047079213, 0.06525218, 0.0033872493, 0.05827748, -0.036759242, 0.010113313, 0.0020568902, -0.0011632569, 0.009441675, 0.004165445, -0.014130223, 0.007885284, -0.030921163, -0.014091474, -0.039239135, 0.002757589, -0.0077238325, -9.7355165E-4, -0.011237014, 0.010571835, 0.029087076, -0.032341935, -0.084678, -0.01270945, 0.026000125, -0.020407451, -0.063237265, -0.007084485, -0.016842606, 0.017824229, -0.015783483, -0.025095997, 0.05724419, -0.009803326, -0.015525162, 0.002588065, -0.014659783, 0.0075882133, -0.039109975, 0.01921917, 0.0022361013, -0.040711574, 0.041693196, -0.025560977, 0.019554988, -0.014698531, -0.0022877657, -0.0755334, -0.027097994, -0.0042493995, -0.009028359, -0.008518173, 0.013716906, -0.05445431, -0.00262197, -0.023442736, -0.0074719684, 0.0091639785, 0.046782143, -0.035028484, -0.019309582, 0.026788007, 0.010623499, -0.0037844197, 0.015809316, 0.044689734, -0.018728357, 0.04825458, 0.045387205, 0.016842606, -0.021531152, -0.01947749, -0.02833794, -0.0061416095, -0.017862977, -0.007969239, 0.034537673, 0.029087076, 0.025870964, -0.0037327553, -0.036681745, 0.0640639, 0.01300652, -0.045748856, 0.0015838378, 0.046110507, 0.010823699, 0.011785949, -0.0064838864, -0.029784545, 0.033246063, 0.0017630487, -0.0061609834, 0.02751131, -0.0058736, 0.01708801, -0.028002122, 0.0071038594, 0.06199732, 0.010029358, 0.020355787, -0.024708515, -0.040840734, 0.010029358, 0.0076721683, 0.0111401435, 0.023533149, 0.07759998, -0.03043035, 0.0017372165, -0.008569838, -0.033375222, -0.011153059, 0.0054086205, -0.011553459, -0.0041622156, -0.026839672, -0.04732462, 0.03169613, 0.0026736343, -0.016209716, 0.009357721, 0.01433688, -0.0011495337, -0.025625559, -0.018767105, -0.003477662, 0.046911303, -0.027666304, -0.0076850844, -0.031928618, -0.019981219, -0.0011083635, -0.014595202, -0.018870434, -0.055590928, 0.041331545, 0.0119474, 0.007504259, 0.030559512, 0.026103454, 0.041693196, -0.009383553, 0.0028996663, 0.038670827, -0.015370169, 0.03706923, 0.01403981, 0.041693196, 0.043191466, -0.045128882, 0.021828223, -0.0053731008, -0.0238948, -0.004065345, -0.020601192, -0.016584283, -0.015434749, -0.0011180507, -0.043398123, 0.025599726, 0.0067874147, -0.008440677, -0.020523695, -0.0041073225, -0.015408917, 0.056572553, 0.029035412, 0.03823168, -0.021117836, -6.187623E-4, -0.0055603846, 0.008453593, -0.047996257, -0.01320672, 0.02820878, -0.026736343, -0.009028359, -0.07078027, 0.023352323, -0.0032209544, 0.03541597, 0.006910118, -0.016300129, 0.02751131, -0.008453593, -0.0094739655, -0.012166974, 0.008989612, 0.042829815, 0.056830876, -0.021066172, -0.0067551243, 0.036914237, 2.1127423E-7, 0.007336349, 0.0068907435, -0.018431285, 0.025715971, 0.017268836, 0.039910775, -0.023881884, 0.005040511, -0.0043398123, -0.012670702, -0.007278227, 2.5105686E-4, 0.037818365, -0.04280398, 0.008472967, -0.04742795, 0.05956909, 0.0017646633, -0.0027156118, 0.008957321, -0.01171491, 0.027459646, 0.021854054, 0.014143138, -0.019193336, -0.0493912, 0.009028359, 0.016119303, 0.011727826, 7.709302E-4, 0.01145013, -0.032600258, 0.01818588, -0.026400525, -0.0060189064, 0.009073566, -0.03461517, -0.020019967, 0.025664307, 0.0027931083, 0.04825458, 0.006916576, 0.006697002, -0.042933144, 6.797102E-4, 0.019516239, 0.019684149, -0.02810545, -0.022306118, -0.023610646, -0.03182529, -0.013161514, -0.0074461363, -0.023352323, 0.015951393, 0.0031095531, -0.010177894, -0.01480186, 0.011372633, 0.013768571, 0.051225286, 0.01918042, 0.030120363, 0.018108383, -0.02751131, 0.0050566564, -0.03916164, 0.0041589867, 0.0044818893, 0.041202385, -0.028467102, 0.059775747, 0.05734752, 0.041228216, -0.010843073, 0.050786138, -0.009687081, 0.015550994, -0.010920569, -0.0013004906, -0.004297835, -0.004091177, -0.025548061, 0.0013892889, -0.00358422, -0.028415438, 0.013316507, -0.020200793, -0.024372695, 0.03670758, 0.027769633, 0.04556803, -0.005027595, 6.752703E-4, 0.009893739, -0.022357782, -0.017307585, 0.026994666, 0.01151471, -0.027614638, -0.013833152, 0.02093701, 0.014323964, -0.0047563566, -0.017010514, -0.023352323, 0.009222101, 0.020885346, 0.006942408, -0.026736343, -0.025728887, -0.012289677, -0.0377667, -0.004456057, -0.018172964, -0.0029820064, -0.03458934, -0.011863445, 0.041099057, -0.03541597, 0.036914237, 0.026297197, 0.015641406, -0.016313044, -0.003687549, -0.0062320223, 0.016003057, -0.005021137, 0.038257513, -0.008782953, -0.0012536697, -1.1896947E-4, -0.03810252, -0.013394004, -0.01947749, -0.020924095, -0.004420538, -0.03802502, 0.0080984, -0.0048273955, -0.0024185413, 0.015189343, 0.0017485181, -0.032238606, 0.010965776, -0.032238606, 0.01264487, 0.017410913, 0.005395704, -8.468123E-4, 8.8556064E-4, 0.051457774, 0.02300359, -0.020149129, -0.018560447, -0.0010276379, 0.035260975, -0.0020988677, 0.013226095, 0.012018438, 0.023804387, 0.014001061, 0.029707048, 0.010068106, 0.019438742, -0.0038877486, 0.023158582, 0.007639878, 0.005757355, 0.010494337, 0.024398528, -0.026335943, -0.0036617166, 0.02681384, 0.040169097, 0.011760117, -0.013768571, 5.6104345E-4, 0.007161982, -0.008879825, 0.0315928, 0.028957915, 0.011475962, 0.014866441, 0.008208186, -0.09232434, -0.017604655, 0.007097401, -0.02844127, 0.02412729, -0.015977226, 1.635704E-4, 0.014026893, 0.015408917, 0.021298662, -0.04427642, -0.016984683, -0.0010421685, -0.06003407, 0.015848065, 0.005001763, -0.0013763728, -0.022293203, -0.0021166273, -0.014478957, -0.006115777, 0.026323028, 0.016222632, -0.008531089, -0.035131812, 0.010778492, -0.0015265226, 0.010093939, 0.017875893, -0.008847534, 0.004459286, 0.0011366175, -0.012935482, 0.02127283, 0.014130223, -0.007872368, 0.04370811, -0.04171903, 0.016468037, -0.004798334, -0.002475049, -0.025341405, -0.053472687, 0.0032710044, 0.023907715, -0.0029658612, -0.01901251, -0.0033258977, -0.0041073225, -0.068042055, 0.030688673, -0.04572302, 0.01055246, -0.01151471, 0.009887281, 0.054609306, -0.028699592, 0.00816298, -0.021996131, 0.0053375815, 0.03833501, -0.016248465, 0.012748199, 0.025858048, -0.018805854, -0.029242069, -0.0037262973, 0.044018097, -0.01363941, 0.0019454887, 0.04383727, -0.016984683, -0.03381437, -0.0035583877, 0.014931021, 0.039549123, -0.021492403, -0.018947931, -0.006942408, 0.011585749, 0.0285446, 0.04600718, -0.01905126, 0.019322498, -0.011805323, 0.024682682, -0.0065097185, -0.011630955, 0.012586747, -0.09335763, -0.04616217, -0.010881821, -0.03066284, 0.013038811, -0.018392539, 0.029009579, -0.0010300596, 0.002581607, -0.06303061, 0.0048209373, 0.05796749, -0.024256451, -0.03133448, -0.0014474114, 0.019554988, 0.044121426, 0.025212243, -0.04391477, 0.029500391, 0.019425826, 0.0038651454, -0.008279225, 0.014220635, -0.014130223, 0.013129224, 0.025018502, -0.024114374, 0.017695067, -0.010623499, 0.0010639644, 0.0068649114, -0.0068519954, -0.01725592, 0.011146601, 7.7981E-4, -0.02857043, 0.04197735, -0.04311397, 0.007936948, 0.023313574, 0.017992139, 0.009835617, 0.008821702, 0.011676162, 0.0200458, 0.014827692, 0.03588095, -0.0026429587, 0.0134844165, -0.022344867, 0.018392539, 0.0145306215, 0.033711042, -0.03218694, -0.0076334197, 0.00501145, -0.003342043, -0.004785418, 0.022939008, 0.0025299427, 0.007969239, -0.017669236, -0.010132687, 0.004291377, 0.0067422083, -0.031308647, 0.014504789, 0.009435217, 0.006948866, -0.0021957383, -0.008311516, -0.019981219, 0.010087481, -0.01503435, 0.014233551, 0.027020497, -0.050656974, -0.008757121, -0.013962313, 0.02302942, 0.025315572, -0.03603594, -0.034046862, 0.0017097698, -0.031024491, 0.014311047, 0.0015644636, -0.034847658, 0.023688141, -0.019425826, -0.010533086, 0.017062178, -0.034795996, -0.011256388, -0.0016936247, 0.0026397295, 0.0063999314, 0.048771225, 0.050966963, 0.0137944035, -0.00335173, -9.1946544E-4, -0.031411976, 0.0081758965, 0.018612111, -0.0097581195, 0.02681384, -0.015266839, -0.009712913, 0.042752318, 0.00720073, 0.007291143, -0.00912523, 0.006697002, 0.010823699, 0.030507848, -0.0026478022, -0.006813247, 0.004058887, -0.010539544, -3.3682788E-4, 0.018792937, 0.009990609, 0.011049731, -0.028131284, 0.015977226, 0.010888279, 0.0041460707, -0.006716376, -0.005279459, 0.0138719, 0.029293733, -0.012567373, 0.009312514, -0.0052181077, -0.021608649, -0.003474433, 0.015421833, -0.005137382, 0.035958447, -0.016907185, 0.013858984, 0.0011220869, -0.029216237, 0.04941703, 0.023210246, -0.035803452, -0.02104034, -0.007032821, -0.014143138, 0.00879587, 0.0047240667, 0.02286151, 0.012935482, -0.02383022, -0.0038490002, 0.04011743, -0.028699592, 0.01888335, 0.028725425, -0.025560977, 0.013729823, 0.0027527455, 0.05117362, -0.044147257, -0.0048047923, -0.007969239, 0.006086716, -0.011566374, -0.024036877, -0.004914579, -0.025715971, 0.004562615, -0.019193336, 0.0039587873, 0.00550872, -0.004297835, 0.016945934, 0.0169201, 0.04301064, 0.014853524, 0.017875893, 6.2108316E-5, -0.025018502, 0.021686146, -0.01841837, 0.0058994326, 0.027666304, 0.010126228, -0.010074564, -0.041073225, 0.015538078, 0.02512183, -0.028699592, 0.021647397, -0.06199732, 0.046188, 0.019852059, 0.039962437, 0.0098227, 0.004517409, -0.05641756, -0.0013352027, -0.026607182, -0.020885346, 0.0034356848, -0.0072201043, 0.005725065, 0.04616217, 0.006125464, 0.038774155, 0.023119833, 0.029448727, 0.0362426, -0.03342689, -0.018909182, 0.013090475, 0.004104093, -0.007032821, -0.04745378, -0.0493912, -0.02070452, -0.001612899, 0.029319566, -0.04068574, -0.011953858, -0.0431398, -0.0019600193, 0.03717256, -0.0258193, -0.034460176, 0.040789068, 0.00481125, 0.017669236, 0.029913707, 0.0011325813, 0.004230025, 0.020962844, 0.007924032, 0.04396643, 0.012199264, 3.1664647E-4, 0.0347185, 0.026917169, 0.01320672, 0.012786947, 0.009977694, -0.015848065, 0.0022183415, 0.022474028, -0.004207422, -0.01672636, -0.025225159, -0.01818588, 0.01533142, 0.024398528, -0.013251927, 0.002210269, -0.020136213, -0.01334234, 0.022151126, -0.03229027, -0.018599195, 0.019038344, -0.0035228685, 0.034925155, 0.0041299257, -0.0073686396, -0.022616105, 0.021608649, 0.025108915, -0.0069617825, 0.008479425, 0.031644464, -0.034356847, 0.0142723, -9.3964685E-4, 0.03474433, 0.001310985, 0.016287213, -0.005418307, -0.009712913, 0.007420304, 0.007614046, 0.042829815, -0.060912367, -0.026116371, -0.02641344, -0.018147131, 0.01340692, 0.0060544256, 0.025922628, 0.024734346, 0.0067486665, 0.0056669423, -0.01715259, 0.01778548, -0.015873896, -0.032806914, 9.2350174E-4, -0.02605179, 0.012238013, -0.015357252, -0.03285858, -0.008188812, 0.016080555, -0.014543538, 0.018366706, 0.03637176, 0.023184413, 0.022009049, 0.012431754, -0.026400525, 0.0074332203, -0.01735925, -0.028002122, 0.021285746, 0.014504789, 0.032729417, -0.0023636478, 0.005621736, 0.017100926, -0.0037456714, -0.0156026585, -0.018392539, 0.033556048, 0.005999532, 3.1483013E-4, 0.0285446, 0.003358188, -0.006464512, 0.024605187, -0.029112907, 0.024618102, -0.014026893, -0.015215175, -0.003030442, -0.005266543, 0.016700529, -0.04324313, -0.0023959382, 0.0048693726, 0.02435978, 0.030120363, -0.0044915765, 0.004549699, -0.021117836, -0.015641406, -0.037017565, -0.0058800583, -0.02395938, 0.047531277, 0.01928375, 0.0040072226, 0.012870901, -0.0013553841, -0.020252457, 0.010888279, 0.09015443, 0.023623561, 0.015396001, 0.0157964, 0.042855646, 0.017333416, 0.038851652, 0.020859515, -0.016713444, -0.027485479, 0.021363243, 0.0027366003, 0.035700124, 0.006729292, 0.020007052, 0.0019761645, -0.06731875, -0.029939538, -0.00766571, 0.013019437, 0.023378156, -7.095787E-4, 0.018780021, -0.008389012, 0.0072330204, 6.328893E-4, -0.0081758965, -0.03670758, -0.0258193, 0.04406976, 0.021195333, -0.003175748, 0.03458934, 0.013626494, -0.01795339, -1.4702164E-4, 0.0019535613, 0.0042106514, -0.0139364805, -0.0031967368, -0.0043624155, 0.012560915, 0.022176957, 0.01035226, 0.03125698, 0.0066582537, -0.008389012, 0.002436301, -0.039032478, 0.022357782, 0.040737405, -0.006684086, 0.017436747, -0.00428169, 0.0011600279, -0.0032274125, -0.0047369828, -0.04184819, 0.03810252, 0.024643933, 0.018224629, 3.6911815E-4, 0.016532619, 0.013135682, 0.012554457, 0.001503112, -0.0037747326, -0.01729467, 0.019141672, -0.019890806, -0.0048177084, 0.020317039, -0.0019035115, 0.014065642, -0.023094, 0.019826226, 0.013561914, -0.0028689904, 0.03040452, 0.017914642, -0.03342689, 0.0013763728, 0.015241007, 0.03205778, -0.010139145, -0.042984806, -0.03381437, -0.0151505945, -0.021311577, 0.011882819, 0.024011046, 0.019167505, 0.024514774, 0.012154058, -0.011682619, -0.007859452, -0.0025977523, -0.041124888, 0.010248932, 0.038180016, 0.024269367, 0.011191808, 0.013691074, 0.048383743, -0.020007052, 0.0016871666, -0.0040201386, -0.016338877, -0.009299598, 0.0048273955, 0.03089533, 0.0040201386, 0.005647568, -0.027149659, -0.017423829, -0.013445669, 0.009984151, 0.035803452, 0.0042106514, -0.012896734, 0.013445669, 0.010810782, 0.011107853, -0.020562444, 0.0129483985, -0.018534616, 0.044689734, 0.035028484, 0.023998128, -0.013768571, 0.014879356, 0.023158582, 0.0067228344, 0.007543007, 0.04316563, 0.025483482, -0.012418838, 0.01131451, 0.010358718, -0.0188446, -0.049287867, 0.009738745, 0.009648332, -0.019968303, 0.03288441, -0.017243003, -0.01290965, 0.010668705, -0.01755299, 0.035855114, 0.021647397, -0.0061771288, -0.0064871153, -0.016907185, -0.0045658443, 0.008317973, -0.02127283, 0.023946464, 0.021776559, -0.025767636, -0.0188446, -0.018896267, -0.018702524, 0.008698999, 0.016790941, 0.027588807, -0.029267902, -0.034356847, 0.008453593, -0.021117836, -0.023352323, 0.011010982, -0.01708801, 0.0078077875, -0.014672698, 7.543814E-4, 0.009441675, -0.008957321, -0.016248465, 0.022809846, -0.0300687, -0.020136213, -0.016313044, -0.015241007, 0.03750838, -0.001452255, -0.006780957, 8.266309E-4, -0.004643341, -0.011805323, 0.023739807, -0.0016395384, 0.013019437, 0.017217172, -0.004559386, 0.015137679, -0.0067615826, 0.016442206, 0.0010074564, 0.020924095, -0.045464702, 0.0038780614, -0.018263377, 0.016635947, 0.043398123, 0.024863508, -0.0016048264, 0.002160219, -0.024385612, 0.036423426, 0.020329954, 0.020549528, -0.050424486, 0.017798398, 0.0064225346, 0.01334234, -0.008001529, 0.021324495, 0.019542072, 0.011082021, -0.010313512, 0.008879825, -0.00929314, -0.037792534, -0.03342689, -0.0014490258, 0.029810378, -0.022654854, -0.013355256, -0.017772565, 0.023804387, 0.029267902, -0.02406271, 0.016003057, 0.020497864, -0.037792534, -0.0041622156, 0.0054441397, 0.018172964, -0.036190934, -0.038386673, -0.0037230682, 0.002279693, 0.029552056, -0.028518766, 0.017075095, -0.03836084, 0.014608119, 3.6649455E-4, -0.0091058565, -0.034331016, -0.011734284, 0.005156756, -0.050966963, -0.019206252, 0.014840608, 0.02751131, 0.009990609, -0.017346334, -0.021466572, 0.0071296915, 0.0020326725, -0.019929554, -0.0028770631, 0.024643933, -0.0063805575, 4.9323385E-4, -0.011385549, -7.293565E-4, 0.042623155, -0.0019503323, 0.0048047923, -0.0058929743, -0.01945166, -0.02833794, -0.022009049, -0.005369872, 0.0066582537, -4.026193E-4, -0.0044786604, -0.0050437404, -0.028389605, 0.049262036, 0.012987147, 0.01642929, -0.0106880795, -0.019903723, 0.0051599853, -0.018625028, -0.03169613, -0.036423426, -0.027123827, 7.551887E-4, -0.014840608, -0.012083019, 0.032781083, -0.003364646, -0.018909182, 0.012321967, 0.020032883, -0.011856987, 0.02810545, -0.016984683, -0.018405454, 0.014259383, 0.0026429587, 0.011036814, -0.040504914, 0.012890276, -0.013264843, 0.050295323, -0.020368703, -0.011030356, 0.0091639785, 0.004026597, -0.012502792, 0.01865086, -0.004824166, 0.011708452, 0.022874428, -0.012089477, 0.005050198, 0.0050792596, -0.01340692, -0.021582816, 0.011559917, -0.022990672, 0.021156585, 0.022331951, 0.0026591038, -0.029681217, 0.024992669, 0.029009579, 0.011798865, 0.047376283, 3.5317484E-5, -0.029681217, -0.010416841, 0.01509893, -0.01334234, -0.037379216, -0.016364709, 0.06509718, -0.013988145, 0.002027829, 0.030792002, -0.014556454, -0.0031515304, 0.024282284, 0.017669236, 0.008337348, -0.014750196, 0.009209185, -0.057760835, -0.006845537, -0.008227561, 0.044147257, -0.039910775, 0.017501326, 0.0043624155, -0.021376159, 0.021518236, -0.010565377, -0.01410439, 0.0016048264, 8.137148E-4, 0.022319036, -0.031153653, 0.06985031, -0.024166038, -0.031205317, 0.033297725, -6.171478E-4, -0.004320438, 0.018082552, 0.03763754, -0.016274296, 0.028492935, -0.0063611832, -0.022280287, 0.024424361, 0.005389246, -0.022383615, 0.0027592035, 0.008963779, -0.013129224, -0.031799458, 0.0026865504, -0.039574955 ],
  "verified" : null
}" }
	]
	tool_execution_results=[]
	}}
--------

*********************************** Please show me a recipe with broccoli.

---------
NodeOutput{node=__START__, state={
	agent_response=Here's a random recipe from your list:

### Recipe Title: 6585ab180b6b7b8902a5db9e

- **Source:** EVERNOTE
- **Author:** Jamie
- **Notes:** Contains a PDF with the recipe details.
- **Tags:** Medium, Main Course, Vegetable

Unfortunately, the detailed ingredients and steps are not available for this recipe as it contains a PDF with the details.
	messages=[
	UserMessage { name = null contents = [TextContent { text = "Please show me a random recipe from my list" }] }
	AiMessage { text = null, thinking = null, toolExecutionRequests = [ToolExecutionRequest { id = "call_0kA23gOlkOPYf0YVDfdYjorZ", name = "getAllRecipes", arguments = "{}" }], attributes = {} }
	ToolExecutionResultMessage { id = "call_0kA23gOlkOPYf0YVDfdYjorZ" toolName = "getAllRecipes" text = "[ {
  "id" : "fd93af22-5a2a-4cc8-8108-aa68ceec46e2",
  "title" : "15 Minute Swedish Meatballs",
  "tags" : [ "Easy", "Comfort Food", "Vegetarian", "Main Course" ]
}, {
  "id" : "fd49a053-ccac-4d93-b483-e18ad5f7690a",
  "title" : "27 Diagrams That Make Cooking So Much Easier",
  "tags" : [ "Technique", "Main Course" ]
}, {
  "id" : "09f77129-941c-4b30-b740-60c10d983cc6",
  "title" : "6585ab180b6b7b8902a5db9e",
  "tags" : [ "Medium", "Main Course", "Vegetable" ]
}, {
  "id" : "0bb9b040-2bb8-4f90-98f0-37dd2b791cd7",
  "title" : "All-Purpose Cornbread",
  "tags" : [ "Vegetarian", "Bread" ]
}, {
  "id" : "02a4c477-ad4d-4aec-88af-4f488b976fd7",
  "title" : "All-Purpose Gravy",
  "tags" : [ "Sauce" ]
} ]" }
	AiMessage { text = null, thinking = null, toolExecutionRequests = [ToolExecutionRequest { id = "call_92bBVms4buth2H00srmRvOEf", name = "getRecipeById", arguments = "{"arg0":"09f77129-941c-4b30-b740-60c10d983cc6"}" }], attributes = {} }
	ToolExecutionResultMessage { id = "call_92bBVms4buth2H00srmRvOEf" toolName = "getRecipeById" text = "{
  "id" : "09f77129-941c-4b30-b740-60c10d983cc6",
  "title" : "6585ab180b6b7b8902a5db9e",
  "source" : "EVERNOTE",
  "author" : "Jamie",
  "sourceUrl" : null,
  "yield" : null,
  "notes" : "Contains a PDF with the recipe details.",
  "ingredients" : null,
  "steps" : null,
  "createdInSource" : null,
  "updatedInSource" : null,
  "tags" : [ "Medium", "Main Course", "Vegetable" ],
  "embedding" : [ 0.008731289, -0.032574426, 0.017075095, -0.043088138, -0.0377667, 0.0042364835, 0.02867376, 0.027769633, -0.023533149, -0.014621034, 0.047841266, -0.046807975, 0.0023830219, -0.007278227, -4.8717944E-4, 0.04766044, 0.04592968, 0.01715259, 0.016519703, 0.022693602, 0.050501984, -0.025599726, 0.051354446, 0.06525218, 0.017281752, -0.011966774, -0.010713912, -0.008240477, 0.030817835, -0.008182354, 0.028467102, -0.05140611, -0.034201853, 0.008776495, -0.018030887, -0.05233607, 0.020252457, -0.020833682, -0.03322023, 0.039962437, -0.028699592, 0.014659783, 0.009312514, 0.041202385, 0.0052116495, 0.015021434, -0.011359717, 0.011785949, -9.743589E-4, -0.015047266, -0.0075752973, 0.030249525, 0.009732287, 0.03905831, -0.0073686396, -0.0074784267, -0.017385082, 0.06664712, 0.024398528, 0.024514774, 0.042261507, -0.078994915, 0.013600661, -0.015176427, 0.006312748, -0.025444733, -0.025250992, 0.029810378, 0.020291205, 0.01748841, 0.0093318885, 0.006813247, -0.020162044, -0.021208249, 0.04277815, -0.03172196, -0.07754831, -0.03112782, -0.0066453377, -0.06633713, 0.008079026, 0.007336349, -0.026943002, -0.0073686396, 0.009751662, -0.06080904, -0.07114192, -0.04055658, -0.018947931, 0.0072071883, -0.008634418, -0.012619037, -0.006813247, 0.022874428, 0.03288441, 0.005605591, -0.036759242, -0.0138719, -0.034666833, 0.0323936, 0.030275358, -0.036526754, -0.034873493, -0.013129224, 0.018495867, 0.004075032, 0.024088541, -0.016351793, 0.014646866, -0.033736873, -0.034563504, 0.03254859, 0.03810252, -0.018457118, 0.028854586, -3.400569E-4, 0.0385675, -0.004633654, -0.026478022, -0.011889277, -0.031076156, 0.008040277, -0.03670758, -0.0601374, -0.025599726, 0.03089533, 0.017707985, 0.017075095, 0.013561914, -0.06948866, 0.029552056, -0.0145306215, 0.029681217, 0.0051922756, -0.027097994, -0.012296135, -0.024049792, 0.034641, 0.009112314, 0.021053256, 0.039600786, -0.019903723, 0.05615924, 0.015073098, -0.012283219, 0.009189811, -0.022112377, -0.0011140143, 0.020782018, 0.023881884, -0.013536082, 0.033297725, -0.053524353, 0.015344337, 0.00909294, -0.04360478, 0.038748324, 0.01566724, -0.034098525, 0.038541667, -0.0020132985, -0.030223694, 0.025470566, -0.030817835, 0.018134216, 0.019232085, -0.031541135, -8.64572E-4, -0.03843834, -0.03577762, 0.0022393302, -0.0376892, 0.05001117, -0.003354959, -0.0315928, 6.57107E-4, 0.0063870153, -0.07956322, -0.0027995664, -0.045542195, 0.003587449, 0.072278544, -0.0169201, 8.8717515E-4, 0.0020197565, 0.013394004, -0.0010930257, 0.016584283, 0.014982685, -0.0010688079, 0.0031273128, 0.015047266, 0.024643933, -0.05197442, -0.026232615, -0.033142734, 0.04045325, -0.045903847, 0.09433925, 0.080958165, -0.022926092, 0.08571129, 0.010035816, 0.014931021, -0.01509893, -0.03099866, -0.037043396, -0.015447665, -0.048306245, -0.0223707, 0.047169626, -0.011850529, 0.033633545, 0.0200458, -0.06380557, 0.018521698, -0.04918454, -0.0022457882, 0.029552056, 0.030094532, -0.022551525, -0.008744205, 0.030120363, 0.012845069, 0.0065969024, -0.04301064, 0.015512246, -0.028957915, -0.0060576545, -0.013471501, 0.019606652, 0.013587746, -0.018095467, -0.019955387, 0.019206252, 0.051251117, -0.012399464, 0.0027123827, -0.010294138, -0.03882582, -0.0055894456, 0.02455352, 0.008066109, 0.024966836, -0.0046110507, 0.008866908, 0.014608119, -0.09919571, 0.0025912942, 0.05491929, 0.029707048, 0.046704646, -0.036294263, 9.3722506E-4, 0.017333416, -0.0024185413, -0.012083019, 0.016571367, 0.0439406, 3.852633E-4, 0.0032096528, -0.02051078, -0.013193805, 0.012974231, -0.0010486265, 0.050140332, 0.028932082, 0.02528974, 0.014853524, 0.011540542, -6.3652196E-4, -0.007878826, 0.08927614, 0.017436747, -0.01569307, -0.03557096, -0.017565906, 0.014892273, 0.0030449724, 0.028699592, -0.006780957, 0.031747792, -0.0156026585, -0.022319036, 0.011159518, 0.04024659, 0.029629553, -0.005531323, 0.0140785575, -0.028518766, -6.954517E-4, 0.014995601, 0.055280942, 0.02432103, -0.036991734, 0.0011051345, 0.016907185, 0.016984683, 0.039239135, 0.002310369, 0.021905718, 0.04732462, 0.046652984, -0.014956853, 0.020265374, 0.044121426, -0.032936074, -0.034821827, 0.00862796, 0.0036843198, -0.054350983, 0.0028496163, 0.026529687, -0.01901251, 9.2834525E-4, -0.02833794, -0.008789412, 0.037482545, -0.02286151, -0.0047079213, 0.06525218, 0.0033872493, 0.05827748, -0.036759242, 0.010113313, 0.0020568902, -0.0011632569, 0.009441675, 0.004165445, -0.014130223, 0.007885284, -0.030921163, -0.014091474, -0.039239135, 0.002757589, -0.0077238325, -9.7355165E-4, -0.011237014, 0.010571835, 0.029087076, -0.032341935, -0.084678, -0.01270945, 0.026000125, -0.020407451, -0.063237265, -0.007084485, -0.016842606, 0.017824229, -0.015783483, -0.025095997, 0.05724419, -0.009803326, -0.015525162, 0.002588065, -0.014659783, 0.0075882133, -0.039109975, 0.01921917, 0.0022361013, -0.040711574, 0.041693196, -0.025560977, 0.019554988, -0.014698531, -0.0022877657, -0.0755334, -0.027097994, -0.0042493995, -0.009028359, -0.008518173, 0.013716906, -0.05445431, -0.00262197, -0.023442736, -0.0074719684, 0.0091639785, 0.046782143, -0.035028484, -0.019309582, 0.026788007, 0.010623499, -0.0037844197, 0.015809316, 0.044689734, -0.018728357, 0.04825458, 0.045387205, 0.016842606, -0.021531152, -0.01947749, -0.02833794, -0.0061416095, -0.017862977, -0.007969239, 0.034537673, 0.029087076, 0.025870964, -0.0037327553, -0.036681745, 0.0640639, 0.01300652, -0.045748856, 0.0015838378, 0.046110507, 0.010823699, 0.011785949, -0.0064838864, -0.029784545, 0.033246063, 0.0017630487, -0.0061609834, 0.02751131, -0.0058736, 0.01708801, -0.028002122, 0.0071038594, 0.06199732, 0.010029358, 0.020355787, -0.024708515, -0.040840734, 0.010029358, 0.0076721683, 0.0111401435, 0.023533149, 0.07759998, -0.03043035, 0.0017372165, -0.008569838, -0.033375222, -0.011153059, 0.0054086205, -0.011553459, -0.0041622156, -0.026839672, -0.04732462, 0.03169613, 0.0026736343, -0.016209716, 0.009357721, 0.01433688, -0.0011495337, -0.025625559, -0.018767105, -0.003477662, 0.046911303, -0.027666304, -0.0076850844, -0.031928618, -0.019981219, -0.0011083635, -0.014595202, -0.018870434, -0.055590928, 0.041331545, 0.0119474, 0.007504259, 0.030559512, 0.026103454, 0.041693196, -0.009383553, 0.0028996663, 0.038670827, -0.015370169, 0.03706923, 0.01403981, 0.041693196, 0.043191466, -0.045128882, 0.021828223, -0.0053731008, -0.0238948, -0.004065345, -0.020601192, -0.016584283, -0.015434749, -0.0011180507, -0.043398123, 0.025599726, 0.0067874147, -0.008440677, -0.020523695, -0.0041073225, -0.015408917, 0.056572553, 0.029035412, 0.03823168, -0.021117836, -6.187623E-4, -0.0055603846, 0.008453593, -0.047996257, -0.01320672, 0.02820878, -0.026736343, -0.009028359, -0.07078027, 0.023352323, -0.0032209544, 0.03541597, 0.006910118, -0.016300129, 0.02751131, -0.008453593, -0.0094739655, -0.012166974, 0.008989612, 0.042829815, 0.056830876, -0.021066172, -0.0067551243, 0.036914237, 2.1127423E-7, 0.007336349, 0.0068907435, -0.018431285, 0.025715971, 0.017268836, 0.039910775, -0.023881884, 0.005040511, -0.0043398123, -0.012670702, -0.007278227, 2.5105686E-4, 0.037818365, -0.04280398, 0.008472967, -0.04742795, 0.05956909, 0.0017646633, -0.0027156118, 0.008957321, -0.01171491, 0.027459646, 0.021854054, 0.014143138, -0.019193336, -0.0493912, 0.009028359, 0.016119303, 0.011727826, 7.709302E-4, 0.01145013, -0.032600258, 0.01818588, -0.026400525, -0.0060189064, 0.009073566, -0.03461517, -0.020019967, 0.025664307, 0.0027931083, 0.04825458, 0.006916576, 0.006697002, -0.042933144, 6.797102E-4, 0.019516239, 0.019684149, -0.02810545, -0.022306118, -0.023610646, -0.03182529, -0.013161514, -0.0074461363, -0.023352323, 0.015951393, 0.0031095531, -0.010177894, -0.01480186, 0.011372633, 0.013768571, 0.051225286, 0.01918042, 0.030120363, 0.018108383, -0.02751131, 0.0050566564, -0.03916164, 0.0041589867, 0.0044818893, 0.041202385, -0.028467102, 0.059775747, 0.05734752, 0.041228216, -0.010843073, 0.050786138, -0.009687081, 0.015550994, -0.010920569, -0.0013004906, -0.004297835, -0.004091177, -0.025548061, 0.0013892889, -0.00358422, -0.028415438, 0.013316507, -0.020200793, -0.024372695, 0.03670758, 0.027769633, 0.04556803, -0.005027595, 6.752703E-4, 0.009893739, -0.022357782, -0.017307585, 0.026994666, 0.01151471, -0.027614638, -0.013833152, 0.02093701, 0.014323964, -0.0047563566, -0.017010514, -0.023352323, 0.009222101, 0.020885346, 0.006942408, -0.026736343, -0.025728887, -0.012289677, -0.0377667, -0.004456057, -0.018172964, -0.0029820064, -0.03458934, -0.011863445, 0.041099057, -0.03541597, 0.036914237, 0.026297197, 0.015641406, -0.016313044, -0.003687549, -0.0062320223, 0.016003057, -0.005021137, 0.038257513, -0.008782953, -0.0012536697, -1.1896947E-4, -0.03810252, -0.013394004, -0.01947749, -0.020924095, -0.004420538, -0.03802502, 0.0080984, -0.0048273955, -0.0024185413, 0.015189343, 0.0017485181, -0.032238606, 0.010965776, -0.032238606, 0.01264487, 0.017410913, 0.005395704, -8.468123E-4, 8.8556064E-4, 0.051457774, 0.02300359, -0.020149129, -0.018560447, -0.0010276379, 0.035260975, -0.0020988677, 0.013226095, 0.012018438, 0.023804387, 0.014001061, 0.029707048, 0.010068106, 0.019438742, -0.0038877486, 0.023158582, 0.007639878, 0.005757355, 0.010494337, 0.024398528, -0.026335943, -0.0036617166, 0.02681384, 0.040169097, 0.011760117, -0.013768571, 5.6104345E-4, 0.007161982, -0.008879825, 0.0315928, 0.028957915, 0.011475962, 0.014866441, 0.008208186, -0.09232434, -0.017604655, 0.007097401, -0.02844127, 0.02412729, -0.015977226, 1.635704E-4, 0.014026893, 0.015408917, 0.021298662, -0.04427642, -0.016984683, -0.0010421685, -0.06003407, 0.015848065, 0.005001763, -0.0013763728, -0.022293203, -0.0021166273, -0.014478957, -0.006115777, 0.026323028, 0.016222632, -0.008531089, -0.035131812, 0.010778492, -0.0015265226, 0.010093939, 0.017875893, -0.008847534, 0.004459286, 0.0011366175, -0.012935482, 0.02127283, 0.014130223, -0.007872368, 0.04370811, -0.04171903, 0.016468037, -0.004798334, -0.002475049, -0.025341405, -0.053472687, 0.0032710044, 0.023907715, -0.0029658612, -0.01901251, -0.0033258977, -0.0041073225, -0.068042055, 0.030688673, -0.04572302, 0.01055246, -0.01151471, 0.009887281, 0.054609306, -0.028699592, 0.00816298, -0.021996131, 0.0053375815, 0.03833501, -0.016248465, 0.012748199, 0.025858048, -0.018805854, -0.029242069, -0.0037262973, 0.044018097, -0.01363941, 0.0019454887, 0.04383727, -0.016984683, -0.03381437, -0.0035583877, 0.014931021, 0.039549123, -0.021492403, -0.018947931, -0.006942408, 0.011585749, 0.0285446, 0.04600718, -0.01905126, 0.019322498, -0.011805323, 0.024682682, -0.0065097185, -0.011630955, 0.012586747, -0.09335763, -0.04616217, -0.010881821, -0.03066284, 0.013038811, -0.018392539, 0.029009579, -0.0010300596, 0.002581607, -0.06303061, 0.0048209373, 0.05796749, -0.024256451, -0.03133448, -0.0014474114, 0.019554988, 0.044121426, 0.025212243, -0.04391477, 0.029500391, 0.019425826, 0.0038651454, -0.008279225, 0.014220635, -0.014130223, 0.013129224, 0.025018502, -0.024114374, 0.017695067, -0.010623499, 0.0010639644, 0.0068649114, -0.0068519954, -0.01725592, 0.011146601, 7.7981E-4, -0.02857043, 0.04197735, -0.04311397, 0.007936948, 0.023313574, 0.017992139, 0.009835617, 0.008821702, 0.011676162, 0.0200458, 0.014827692, 0.03588095, -0.0026429587, 0.0134844165, -0.022344867, 0.018392539, 0.0145306215, 0.033711042, -0.03218694, -0.0076334197, 0.00501145, -0.003342043, -0.004785418, 0.022939008, 0.0025299427, 0.007969239, -0.017669236, -0.010132687, 0.004291377, 0.0067422083, -0.031308647, 0.014504789, 0.009435217, 0.006948866, -0.0021957383, -0.008311516, -0.019981219, 0.010087481, -0.01503435, 0.014233551, 0.027020497, -0.050656974, -0.008757121, -0.013962313, 0.02302942, 0.025315572, -0.03603594, -0.034046862, 0.0017097698, -0.031024491, 0.014311047, 0.0015644636, -0.034847658, 0.023688141, -0.019425826, -0.010533086, 0.017062178, -0.034795996, -0.011256388, -0.0016936247, 0.0026397295, 0.0063999314, 0.048771225, 0.050966963, 0.0137944035, -0.00335173, -9.1946544E-4, -0.031411976, 0.0081758965, 0.018612111, -0.0097581195, 0.02681384, -0.015266839, -0.009712913, 0.042752318, 0.00720073, 0.007291143, -0.00912523, 0.006697002, 0.010823699, 0.030507848, -0.0026478022, -0.006813247, 0.004058887, -0.010539544, -3.3682788E-4, 0.018792937, 0.009990609, 0.011049731, -0.028131284, 0.015977226, 0.010888279, 0.0041460707, -0.006716376, -0.005279459, 0.0138719, 0.029293733, -0.012567373, 0.009312514, -0.0052181077, -0.021608649, -0.003474433, 0.015421833, -0.005137382, 0.035958447, -0.016907185, 0.013858984, 0.0011220869, -0.029216237, 0.04941703, 0.023210246, -0.035803452, -0.02104034, -0.007032821, -0.014143138, 0.00879587, 0.0047240667, 0.02286151, 0.012935482, -0.02383022, -0.0038490002, 0.04011743, -0.028699592, 0.01888335, 0.028725425, -0.025560977, 0.013729823, 0.0027527455, 0.05117362, -0.044147257, -0.0048047923, -0.007969239, 0.006086716, -0.011566374, -0.024036877, -0.004914579, -0.025715971, 0.004562615, -0.019193336, 0.0039587873, 0.00550872, -0.004297835, 0.016945934, 0.0169201, 0.04301064, 0.014853524, 0.017875893, 6.2108316E-5, -0.025018502, 0.021686146, -0.01841837, 0.0058994326, 0.027666304, 0.010126228, -0.010074564, -0.041073225, 0.015538078, 0.02512183, -0.028699592, 0.021647397, -0.06199732, 0.046188, 0.019852059, 0.039962437, 0.0098227, 0.004517409, -0.05641756, -0.0013352027, -0.026607182, -0.020885346, 0.0034356848, -0.0072201043, 0.005725065, 0.04616217, 0.006125464, 0.038774155, 0.023119833, 0.029448727, 0.0362426, -0.03342689, -0.018909182, 0.013090475, 0.004104093, -0.007032821, -0.04745378, -0.0493912, -0.02070452, -0.001612899, 0.029319566, -0.04068574, -0.011953858, -0.0431398, -0.0019600193, 0.03717256, -0.0258193, -0.034460176, 0.040789068, 0.00481125, 0.017669236, 0.029913707, 0.0011325813, 0.004230025, 0.020962844, 0.007924032, 0.04396643, 0.012199264, 3.1664647E-4, 0.0347185, 0.026917169, 0.01320672, 0.012786947, 0.009977694, -0.015848065, 0.0022183415, 0.022474028, -0.004207422, -0.01672636, -0.025225159, -0.01818588, 0.01533142, 0.024398528, -0.013251927, 0.002210269, -0.020136213, -0.01334234, 0.022151126, -0.03229027, -0.018599195, 0.019038344, -0.0035228685, 0.034925155, 0.0041299257, -0.0073686396, -0.022616105, 0.021608649, 0.025108915, -0.0069617825, 0.008479425, 0.031644464, -0.034356847, 0.0142723, -9.3964685E-4, 0.03474433, 0.001310985, 0.016287213, -0.005418307, -0.009712913, 0.007420304, 0.007614046, 0.042829815, -0.060912367, -0.026116371, -0.02641344, -0.018147131, 0.01340692, 0.0060544256, 0.025922628, 0.024734346, 0.0067486665, 0.0056669423, -0.01715259, 0.01778548, -0.015873896, -0.032806914, 9.2350174E-4, -0.02605179, 0.012238013, -0.015357252, -0.03285858, -0.008188812, 0.016080555, -0.014543538, 0.018366706, 0.03637176, 0.023184413, 0.022009049, 0.012431754, -0.026400525, 0.0074332203, -0.01735925, -0.028002122, 0.021285746, 0.014504789, 0.032729417, -0.0023636478, 0.005621736, 0.017100926, -0.0037456714, -0.0156026585, -0.018392539, 0.033556048, 0.005999532, 3.1483013E-4, 0.0285446, 0.003358188, -0.006464512, 0.024605187, -0.029112907, 0.024618102, -0.014026893, -0.015215175, -0.003030442, -0.005266543, 0.016700529, -0.04324313, -0.0023959382, 0.0048693726, 0.02435978, 0.030120363, -0.0044915765, 0.004549699, -0.021117836, -0.015641406, -0.037017565, -0.0058800583, -0.02395938, 0.047531277, 0.01928375, 0.0040072226, 0.012870901, -0.0013553841, -0.020252457, 0.010888279, 0.09015443, 0.023623561, 0.015396001, 0.0157964, 0.042855646, 0.017333416, 0.038851652, 0.020859515, -0.016713444, -0.027485479, 0.021363243, 0.0027366003, 0.035700124, 0.006729292, 0.020007052, 0.0019761645, -0.06731875, -0.029939538, -0.00766571, 0.013019437, 0.023378156, -7.095787E-4, 0.018780021, -0.008389012, 0.0072330204, 6.328893E-4, -0.0081758965, -0.03670758, -0.0258193, 0.04406976, 0.021195333, -0.003175748, 0.03458934, 0.013626494, -0.01795339, -1.4702164E-4, 0.0019535613, 0.0042106514, -0.0139364805, -0.0031967368, -0.0043624155, 0.012560915, 0.022176957, 0.01035226, 0.03125698, 0.0066582537, -0.008389012, 0.002436301, -0.039032478, 0.022357782, 0.040737405, -0.006684086, 0.017436747, -0.00428169, 0.0011600279, -0.0032274125, -0.0047369828, -0.04184819, 0.03810252, 0.024643933, 0.018224629, 3.6911815E-4, 0.016532619, 0.013135682, 0.012554457, 0.001503112, -0.0037747326, -0.01729467, 0.019141672, -0.019890806, -0.0048177084, 0.020317039, -0.0019035115, 0.014065642, -0.023094, 0.019826226, 0.013561914, -0.0028689904, 0.03040452, 0.017914642, -0.03342689, 0.0013763728, 0.015241007, 0.03205778, -0.010139145, -0.042984806, -0.03381437, -0.0151505945, -0.021311577, 0.011882819, 0.024011046, 0.019167505, 0.024514774, 0.012154058, -0.011682619, -0.007859452, -0.0025977523, -0.041124888, 0.010248932, 0.038180016, 0.024269367, 0.011191808, 0.013691074, 0.048383743, -0.020007052, 0.0016871666, -0.0040201386, -0.016338877, -0.009299598, 0.0048273955, 0.03089533, 0.0040201386, 0.005647568, -0.027149659, -0.017423829, -0.013445669, 0.009984151, 0.035803452, 0.0042106514, -0.012896734, 0.013445669, 0.010810782, 0.011107853, -0.020562444, 0.0129483985, -0.018534616, 0.044689734, 0.035028484, 0.023998128, -0.013768571, 0.014879356, 0.023158582, 0.0067228344, 0.007543007, 0.04316563, 0.025483482, -0.012418838, 0.01131451, 0.010358718, -0.0188446, -0.049287867, 0.009738745, 0.009648332, -0.019968303, 0.03288441, -0.017243003, -0.01290965, 0.010668705, -0.01755299, 0.035855114, 0.021647397, -0.0061771288, -0.0064871153, -0.016907185, -0.0045658443, 0.008317973, -0.02127283, 0.023946464, 0.021776559, -0.025767636, -0.0188446, -0.018896267, -0.018702524, 0.008698999, 0.016790941, 0.027588807, -0.029267902, -0.034356847, 0.008453593, -0.021117836, -0.023352323, 0.011010982, -0.01708801, 0.0078077875, -0.014672698, 7.543814E-4, 0.009441675, -0.008957321, -0.016248465, 0.022809846, -0.0300687, -0.020136213, -0.016313044, -0.015241007, 0.03750838, -0.001452255, -0.006780957, 8.266309E-4, -0.004643341, -0.011805323, 0.023739807, -0.0016395384, 0.013019437, 0.017217172, -0.004559386, 0.015137679, -0.0067615826, 0.016442206, 0.0010074564, 0.020924095, -0.045464702, 0.0038780614, -0.018263377, 0.016635947, 0.043398123, 0.024863508, -0.0016048264, 0.002160219, -0.024385612, 0.036423426, 0.020329954, 0.020549528, -0.050424486, 0.017798398, 0.0064225346, 0.01334234, -0.008001529, 0.021324495, 0.019542072, 0.011082021, -0.010313512, 0.008879825, -0.00929314, -0.037792534, -0.03342689, -0.0014490258, 0.029810378, -0.022654854, -0.013355256, -0.017772565, 0.023804387, 0.029267902, -0.02406271, 0.016003057, 0.020497864, -0.037792534, -0.0041622156, 0.0054441397, 0.018172964, -0.036190934, -0.038386673, -0.0037230682, 0.002279693, 0.029552056, -0.028518766, 0.017075095, -0.03836084, 0.014608119, 3.6649455E-4, -0.0091058565, -0.034331016, -0.011734284, 0.005156756, -0.050966963, -0.019206252, 0.014840608, 0.02751131, 0.009990609, -0.017346334, -0.021466572, 0.0071296915, 0.0020326725, -0.019929554, -0.0028770631, 0.024643933, -0.0063805575, 4.9323385E-4, -0.011385549, -7.293565E-4, 0.042623155, -0.0019503323, 0.0048047923, -0.0058929743, -0.01945166, -0.02833794, -0.022009049, -0.005369872, 0.0066582537, -4.026193E-4, -0.0044786604, -0.0050437404, -0.028389605, 0.049262036, 0.012987147, 0.01642929, -0.0106880795, -0.019903723, 0.0051599853, -0.018625028, -0.03169613, -0.036423426, -0.027123827, 7.551887E-4, -0.014840608, -0.012083019, 0.032781083, -0.003364646, -0.018909182, 0.012321967, 0.020032883, -0.011856987, 0.02810545, -0.016984683, -0.018405454, 0.014259383, 0.0026429587, 0.011036814, -0.040504914, 0.012890276, -0.013264843, 0.050295323, -0.020368703, -0.011030356, 0.0091639785, 0.004026597, -0.012502792, 0.01865086, -0.004824166, 0.011708452, 0.022874428, -0.012089477, 0.005050198, 0.0050792596, -0.01340692, -0.021582816, 0.011559917, -0.022990672, 0.021156585, 0.022331951, 0.0026591038, -0.029681217, 0.024992669, 0.029009579, 0.011798865, 0.047376283, 3.5317484E-5, -0.029681217, -0.010416841, 0.01509893, -0.01334234, -0.037379216, -0.016364709, 0.06509718, -0.013988145, 0.002027829, 0.030792002, -0.014556454, -0.0031515304, 0.024282284, 0.017669236, 0.008337348, -0.014750196, 0.009209185, -0.057760835, -0.006845537, -0.008227561, 0.044147257, -0.039910775, 0.017501326, 0.0043624155, -0.021376159, 0.021518236, -0.010565377, -0.01410439, 0.0016048264, 8.137148E-4, 0.022319036, -0.031153653, 0.06985031, -0.024166038, -0.031205317, 0.033297725, -6.171478E-4, -0.004320438, 0.018082552, 0.03763754, -0.016274296, 0.028492935, -0.0063611832, -0.022280287, 0.024424361, 0.005389246, -0.022383615, 0.0027592035, 0.008963779, -0.013129224, -0.031799458, 0.0026865504, -0.039574955 ],
  "verified" : null
}" }
	UserMessage { name = null contents = [TextContent { text = "Please show me a recipe with broccoli." }] }
	]
	tool_execution_results=[]
	}}
--------


---------
NodeOutput{node=model, state={
	agent_response=Here's a random recipe from your list:

### Recipe Title: 6585ab180b6b7b8902a5db9e

- **Source:** EVERNOTE
- **Author:** Jamie
- **Notes:** Contains a PDF with the recipe details.
- **Tags:** Medium, Main Course, Vegetable

Unfortunately, the detailed ingredients and steps are not available for this recipe as it contains a PDF with the details.
	messages=[
	UserMessage { name = null contents = [TextContent { text = "Please show me a random recipe from my list" }] }
	AiMessage { text = null, thinking = null, toolExecutionRequests = [ToolExecutionRequest { id = "call_0kA23gOlkOPYf0YVDfdYjorZ", name = "getAllRecipes", arguments = "{}" }], attributes = {} }
	ToolExecutionResultMessage { id = "call_0kA23gOlkOPYf0YVDfdYjorZ" toolName = "getAllRecipes" text = "[ {
  "id" : "fd93af22-5a2a-4cc8-8108-aa68ceec46e2",
  "title" : "15 Minute Swedish Meatballs",
  "tags" : [ "Easy", "Comfort Food", "Vegetarian", "Main Course" ]
}, {
  "id" : "fd49a053-ccac-4d93-b483-e18ad5f7690a",
  "title" : "27 Diagrams That Make Cooking So Much Easier",
  "tags" : [ "Technique", "Main Course" ]
}, {
  "id" : "09f77129-941c-4b30-b740-60c10d983cc6",
  "title" : "6585ab180b6b7b8902a5db9e",
  "tags" : [ "Medium", "Main Course", "Vegetable" ]
}, {
  "id" : "0bb9b040-2bb8-4f90-98f0-37dd2b791cd7",
  "title" : "All-Purpose Cornbread",
  "tags" : [ "Vegetarian", "Bread" ]
}, {
  "id" : "02a4c477-ad4d-4aec-88af-4f488b976fd7",
  "title" : "All-Purpose Gravy",
  "tags" : [ "Sauce" ]
} ]" }
	AiMessage { text = null, thinking = null, toolExecutionRequests = [ToolExecutionRequest { id = "call_92bBVms4buth2H00srmRvOEf", name = "getRecipeById", arguments = "{"arg0":"09f77129-941c-4b30-b740-60c10d983cc6"}" }], attributes = {} }
	ToolExecutionResultMessage { id = "call_92bBVms4buth2H00srmRvOEf" toolName = "getRecipeById" text = "{
  "id" : "09f77129-941c-4b30-b740-60c10d983cc6",
  "title" : "6585ab180b6b7b8902a5db9e",
  "source" : "EVERNOTE",
  "author" : "Jamie",
  "sourceUrl" : null,
  "yield" : null,
  "notes" : "Contains a PDF with the recipe details.",
  "ingredients" : null,
  "steps" : null,
  "createdInSource" : null,
  "updatedInSource" : null,
  "tags" : [ "Medium", "Main Course", "Vegetable" ],
  "embedding" : [ 0.008731289, -0.032574426, 0.017075095, -0.043088138, -0.0377667, 0.0042364835, 0.02867376, 0.027769633, -0.023533149, -0.014621034, 0.047841266, -0.046807975, 0.0023830219, -0.007278227, -4.8717944E-4, 0.04766044, 0.04592968, 0.01715259, 0.016519703, 0.022693602, 0.050501984, -0.025599726, 0.051354446, 0.06525218, 0.017281752, -0.011966774, -0.010713912, -0.008240477, 0.030817835, -0.008182354, 0.028467102, -0.05140611, -0.034201853, 0.008776495, -0.018030887, -0.05233607, 0.020252457, -0.020833682, -0.03322023, 0.039962437, -0.028699592, 0.014659783, 0.009312514, 0.041202385, 0.0052116495, 0.015021434, -0.011359717, 0.011785949, -9.743589E-4, -0.015047266, -0.0075752973, 0.030249525, 0.009732287, 0.03905831, -0.0073686396, -0.0074784267, -0.017385082, 0.06664712, 0.024398528, 0.024514774, 0.042261507, -0.078994915, 0.013600661, -0.015176427, 0.006312748, -0.025444733, -0.025250992, 0.029810378, 0.020291205, 0.01748841, 0.0093318885, 0.006813247, -0.020162044, -0.021208249, 0.04277815, -0.03172196, -0.07754831, -0.03112782, -0.0066453377, -0.06633713, 0.008079026, 0.007336349, -0.026943002, -0.0073686396, 0.009751662, -0.06080904, -0.07114192, -0.04055658, -0.018947931, 0.0072071883, -0.008634418, -0.012619037, -0.006813247, 0.022874428, 0.03288441, 0.005605591, -0.036759242, -0.0138719, -0.034666833, 0.0323936, 0.030275358, -0.036526754, -0.034873493, -0.013129224, 0.018495867, 0.004075032, 0.024088541, -0.016351793, 0.014646866, -0.033736873, -0.034563504, 0.03254859, 0.03810252, -0.018457118, 0.028854586, -3.400569E-4, 0.0385675, -0.004633654, -0.026478022, -0.011889277, -0.031076156, 0.008040277, -0.03670758, -0.0601374, -0.025599726, 0.03089533, 0.017707985, 0.017075095, 0.013561914, -0.06948866, 0.029552056, -0.0145306215, 0.029681217, 0.0051922756, -0.027097994, -0.012296135, -0.024049792, 0.034641, 0.009112314, 0.021053256, 0.039600786, -0.019903723, 0.05615924, 0.015073098, -0.012283219, 0.009189811, -0.022112377, -0.0011140143, 0.020782018, 0.023881884, -0.013536082, 0.033297725, -0.053524353, 0.015344337, 0.00909294, -0.04360478, 0.038748324, 0.01566724, -0.034098525, 0.038541667, -0.0020132985, -0.030223694, 0.025470566, -0.030817835, 0.018134216, 0.019232085, -0.031541135, -8.64572E-4, -0.03843834, -0.03577762, 0.0022393302, -0.0376892, 0.05001117, -0.003354959, -0.0315928, 6.57107E-4, 0.0063870153, -0.07956322, -0.0027995664, -0.045542195, 0.003587449, 0.072278544, -0.0169201, 8.8717515E-4, 0.0020197565, 0.013394004, -0.0010930257, 0.016584283, 0.014982685, -0.0010688079, 0.0031273128, 0.015047266, 0.024643933, -0.05197442, -0.026232615, -0.033142734, 0.04045325, -0.045903847, 0.09433925, 0.080958165, -0.022926092, 0.08571129, 0.010035816, 0.014931021, -0.01509893, -0.03099866, -0.037043396, -0.015447665, -0.048306245, -0.0223707, 0.047169626, -0.011850529, 0.033633545, 0.0200458, -0.06380557, 0.018521698, -0.04918454, -0.0022457882, 0.029552056, 0.030094532, -0.022551525, -0.008744205, 0.030120363, 0.012845069, 0.0065969024, -0.04301064, 0.015512246, -0.028957915, -0.0060576545, -0.013471501, 0.019606652, 0.013587746, -0.018095467, -0.019955387, 0.019206252, 0.051251117, -0.012399464, 0.0027123827, -0.010294138, -0.03882582, -0.0055894456, 0.02455352, 0.008066109, 0.024966836, -0.0046110507, 0.008866908, 0.014608119, -0.09919571, 0.0025912942, 0.05491929, 0.029707048, 0.046704646, -0.036294263, 9.3722506E-4, 0.017333416, -0.0024185413, -0.012083019, 0.016571367, 0.0439406, 3.852633E-4, 0.0032096528, -0.02051078, -0.013193805, 0.012974231, -0.0010486265, 0.050140332, 0.028932082, 0.02528974, 0.014853524, 0.011540542, -6.3652196E-4, -0.007878826, 0.08927614, 0.017436747, -0.01569307, -0.03557096, -0.017565906, 0.014892273, 0.0030449724, 0.028699592, -0.006780957, 0.031747792, -0.0156026585, -0.022319036, 0.011159518, 0.04024659, 0.029629553, -0.005531323, 0.0140785575, -0.028518766, -6.954517E-4, 0.014995601, 0.055280942, 0.02432103, -0.036991734, 0.0011051345, 0.016907185, 0.016984683, 0.039239135, 0.002310369, 0.021905718, 0.04732462, 0.046652984, -0.014956853, 0.020265374, 0.044121426, -0.032936074, -0.034821827, 0.00862796, 0.0036843198, -0.054350983, 0.0028496163, 0.026529687, -0.01901251, 9.2834525E-4, -0.02833794, -0.008789412, 0.037482545, -0.02286151, -0.0047079213, 0.06525218, 0.0033872493, 0.05827748, -0.036759242, 0.010113313, 0.0020568902, -0.0011632569, 0.009441675, 0.004165445, -0.014130223, 0.007885284, -0.030921163, -0.014091474, -0.039239135, 0.002757589, -0.0077238325, -9.7355165E-4, -0.011237014, 0.010571835, 0.029087076, -0.032341935, -0.084678, -0.01270945, 0.026000125, -0.020407451, -0.063237265, -0.007084485, -0.016842606, 0.017824229, -0.015783483, -0.025095997, 0.05724419, -0.009803326, -0.015525162, 0.002588065, -0.014659783, 0.0075882133, -0.039109975, 0.01921917, 0.0022361013, -0.040711574, 0.041693196, -0.025560977, 0.019554988, -0.014698531, -0.0022877657, -0.0755334, -0.027097994, -0.0042493995, -0.009028359, -0.008518173, 0.013716906, -0.05445431, -0.00262197, -0.023442736, -0.0074719684, 0.0091639785, 0.046782143, -0.035028484, -0.019309582, 0.026788007, 0.010623499, -0.0037844197, 0.015809316, 0.044689734, -0.018728357, 0.04825458, 0.045387205, 0.016842606, -0.021531152, -0.01947749, -0.02833794, -0.0061416095, -0.017862977, -0.007969239, 0.034537673, 0.029087076, 0.025870964, -0.0037327553, -0.036681745, 0.0640639, 0.01300652, -0.045748856, 0.0015838378, 0.046110507, 0.010823699, 0.011785949, -0.0064838864, -0.029784545, 0.033246063, 0.0017630487, -0.0061609834, 0.02751131, -0.0058736, 0.01708801, -0.028002122, 0.0071038594, 0.06199732, 0.010029358, 0.020355787, -0.024708515, -0.040840734, 0.010029358, 0.0076721683, 0.0111401435, 0.023533149, 0.07759998, -0.03043035, 0.0017372165, -0.008569838, -0.033375222, -0.011153059, 0.0054086205, -0.011553459, -0.0041622156, -0.026839672, -0.04732462, 0.03169613, 0.0026736343, -0.016209716, 0.009357721, 0.01433688, -0.0011495337, -0.025625559, -0.018767105, -0.003477662, 0.046911303, -0.027666304, -0.0076850844, -0.031928618, -0.019981219, -0.0011083635, -0.014595202, -0.018870434, -0.055590928, 0.041331545, 0.0119474, 0.007504259, 0.030559512, 0.026103454, 0.041693196, -0.009383553, 0.0028996663, 0.038670827, -0.015370169, 0.03706923, 0.01403981, 0.041693196, 0.043191466, -0.045128882, 0.021828223, -0.0053731008, -0.0238948, -0.004065345, -0.020601192, -0.016584283, -0.015434749, -0.0011180507, -0.043398123, 0.025599726, 0.0067874147, -0.008440677, -0.020523695, -0.0041073225, -0.015408917, 0.056572553, 0.029035412, 0.03823168, -0.021117836, -6.187623E-4, -0.0055603846, 0.008453593, -0.047996257, -0.01320672, 0.02820878, -0.026736343, -0.009028359, -0.07078027, 0.023352323, -0.0032209544, 0.03541597, 0.006910118, -0.016300129, 0.02751131, -0.008453593, -0.0094739655, -0.012166974, 0.008989612, 0.042829815, 0.056830876, -0.021066172, -0.0067551243, 0.036914237, 2.1127423E-7, 0.007336349, 0.0068907435, -0.018431285, 0.025715971, 0.017268836, 0.039910775, -0.023881884, 0.005040511, -0.0043398123, -0.012670702, -0.007278227, 2.5105686E-4, 0.037818365, -0.04280398, 0.008472967, -0.04742795, 0.05956909, 0.0017646633, -0.0027156118, 0.008957321, -0.01171491, 0.027459646, 0.021854054, 0.014143138, -0.019193336, -0.0493912, 0.009028359, 0.016119303, 0.011727826, 7.709302E-4, 0.01145013, -0.032600258, 0.01818588, -0.026400525, -0.0060189064, 0.009073566, -0.03461517, -0.020019967, 0.025664307, 0.0027931083, 0.04825458, 0.006916576, 0.006697002, -0.042933144, 6.797102E-4, 0.019516239, 0.019684149, -0.02810545, -0.022306118, -0.023610646, -0.03182529, -0.013161514, -0.0074461363, -0.023352323, 0.015951393, 0.0031095531, -0.010177894, -0.01480186, 0.011372633, 0.013768571, 0.051225286, 0.01918042, 0.030120363, 0.018108383, -0.02751131, 0.0050566564, -0.03916164, 0.0041589867, 0.0044818893, 0.041202385, -0.028467102, 0.059775747, 0.05734752, 0.041228216, -0.010843073, 0.050786138, -0.009687081, 0.015550994, -0.010920569, -0.0013004906, -0.004297835, -0.004091177, -0.025548061, 0.0013892889, -0.00358422, -0.028415438, 0.013316507, -0.020200793, -0.024372695, 0.03670758, 0.027769633, 0.04556803, -0.005027595, 6.752703E-4, 0.009893739, -0.022357782, -0.017307585, 0.026994666, 0.01151471, -0.027614638, -0.013833152, 0.02093701, 0.014323964, -0.0047563566, -0.017010514, -0.023352323, 0.009222101, 0.020885346, 0.006942408, -0.026736343, -0.025728887, -0.012289677, -0.0377667, -0.004456057, -0.018172964, -0.0029820064, -0.03458934, -0.011863445, 0.041099057, -0.03541597, 0.036914237, 0.026297197, 0.015641406, -0.016313044, -0.003687549, -0.0062320223, 0.016003057, -0.005021137, 0.038257513, -0.008782953, -0.0012536697, -1.1896947E-4, -0.03810252, -0.013394004, -0.01947749, -0.020924095, -0.004420538, -0.03802502, 0.0080984, -0.0048273955, -0.0024185413, 0.015189343, 0.0017485181, -0.032238606, 0.010965776, -0.032238606, 0.01264487, 0.017410913, 0.005395704, -8.468123E-4, 8.8556064E-4, 0.051457774, 0.02300359, -0.020149129, -0.018560447, -0.0010276379, 0.035260975, -0.0020988677, 0.013226095, 0.012018438, 0.023804387, 0.014001061, 0.029707048, 0.010068106, 0.019438742, -0.0038877486, 0.023158582, 0.007639878, 0.005757355, 0.010494337, 0.024398528, -0.026335943, -0.0036617166, 0.02681384, 0.040169097, 0.011760117, -0.013768571, 5.6104345E-4, 0.007161982, -0.008879825, 0.0315928, 0.028957915, 0.011475962, 0.014866441, 0.008208186, -0.09232434, -0.017604655, 0.007097401, -0.02844127, 0.02412729, -0.015977226, 1.635704E-4, 0.014026893, 0.015408917, 0.021298662, -0.04427642, -0.016984683, -0.0010421685, -0.06003407, 0.015848065, 0.005001763, -0.0013763728, -0.022293203, -0.0021166273, -0.014478957, -0.006115777, 0.026323028, 0.016222632, -0.008531089, -0.035131812, 0.010778492, -0.0015265226, 0.010093939, 0.017875893, -0.008847534, 0.004459286, 0.0011366175, -0.012935482, 0.02127283, 0.014130223, -0.007872368, 0.04370811, -0.04171903, 0.016468037, -0.004798334, -0.002475049, -0.025341405, -0.053472687, 0.0032710044, 0.023907715, -0.0029658612, -0.01901251, -0.0033258977, -0.0041073225, -0.068042055, 0.030688673, -0.04572302, 0.01055246, -0.01151471, 0.009887281, 0.054609306, -0.028699592, 0.00816298, -0.021996131, 0.0053375815, 0.03833501, -0.016248465, 0.012748199, 0.025858048, -0.018805854, -0.029242069, -0.0037262973, 0.044018097, -0.01363941, 0.0019454887, 0.04383727, -0.016984683, -0.03381437, -0.0035583877, 0.014931021, 0.039549123, -0.021492403, -0.018947931, -0.006942408, 0.011585749, 0.0285446, 0.04600718, -0.01905126, 0.019322498, -0.011805323, 0.024682682, -0.0065097185, -0.011630955, 0.012586747, -0.09335763, -0.04616217, -0.010881821, -0.03066284, 0.013038811, -0.018392539, 0.029009579, -0.0010300596, 0.002581607, -0.06303061, 0.0048209373, 0.05796749, -0.024256451, -0.03133448, -0.0014474114, 0.019554988, 0.044121426, 0.025212243, -0.04391477, 0.029500391, 0.019425826, 0.0038651454, -0.008279225, 0.014220635, -0.014130223, 0.013129224, 0.025018502, -0.024114374, 0.017695067, -0.010623499, 0.0010639644, 0.0068649114, -0.0068519954, -0.01725592, 0.011146601, 7.7981E-4, -0.02857043, 0.04197735, -0.04311397, 0.007936948, 0.023313574, 0.017992139, 0.009835617, 0.008821702, 0.011676162, 0.0200458, 0.014827692, 0.03588095, -0.0026429587, 0.0134844165, -0.022344867, 0.018392539, 0.0145306215, 0.033711042, -0.03218694, -0.0076334197, 0.00501145, -0.003342043, -0.004785418, 0.022939008, 0.0025299427, 0.007969239, -0.017669236, -0.010132687, 0.004291377, 0.0067422083, -0.031308647, 0.014504789, 0.009435217, 0.006948866, -0.0021957383, -0.008311516, -0.019981219, 0.010087481, -0.01503435, 0.014233551, 0.027020497, -0.050656974, -0.008757121, -0.013962313, 0.02302942, 0.025315572, -0.03603594, -0.034046862, 0.0017097698, -0.031024491, 0.014311047, 0.0015644636, -0.034847658, 0.023688141, -0.019425826, -0.010533086, 0.017062178, -0.034795996, -0.011256388, -0.0016936247, 0.0026397295, 0.0063999314, 0.048771225, 0.050966963, 0.0137944035, -0.00335173, -9.1946544E-4, -0.031411976, 0.0081758965, 0.018612111, -0.0097581195, 0.02681384, -0.015266839, -0.009712913, 0.042752318, 0.00720073, 0.007291143, -0.00912523, 0.006697002, 0.010823699, 0.030507848, -0.0026478022, -0.006813247, 0.004058887, -0.010539544, -3.3682788E-4, 0.018792937, 0.009990609, 0.011049731, -0.028131284, 0.015977226, 0.010888279, 0.0041460707, -0.006716376, -0.005279459, 0.0138719, 0.029293733, -0.012567373, 0.009312514, -0.0052181077, -0.021608649, -0.003474433, 0.015421833, -0.005137382, 0.035958447, -0.016907185, 0.013858984, 0.0011220869, -0.029216237, 0.04941703, 0.023210246, -0.035803452, -0.02104034, -0.007032821, -0.014143138, 0.00879587, 0.0047240667, 0.02286151, 0.012935482, -0.02383022, -0.0038490002, 0.04011743, -0.028699592, 0.01888335, 0.028725425, -0.025560977, 0.013729823, 0.0027527455, 0.05117362, -0.044147257, -0.0048047923, -0.007969239, 0.006086716, -0.011566374, -0.024036877, -0.004914579, -0.025715971, 0.004562615, -0.019193336, 0.0039587873, 0.00550872, -0.004297835, 0.016945934, 0.0169201, 0.04301064, 0.014853524, 0.017875893, 6.2108316E-5, -0.025018502, 0.021686146, -0.01841837, 0.0058994326, 0.027666304, 0.010126228, -0.010074564, -0.041073225, 0.015538078, 0.02512183, -0.028699592, 0.021647397, -0.06199732, 0.046188, 0.019852059, 0.039962437, 0.0098227, 0.004517409, -0.05641756, -0.0013352027, -0.026607182, -0.020885346, 0.0034356848, -0.0072201043, 0.005725065, 0.04616217, 0.006125464, 0.038774155, 0.023119833, 0.029448727, 0.0362426, -0.03342689, -0.018909182, 0.013090475, 0.004104093, -0.007032821, -0.04745378, -0.0493912, -0.02070452, -0.001612899, 0.029319566, -0.04068574, -0.011953858, -0.0431398, -0.0019600193, 0.03717256, -0.0258193, -0.034460176, 0.040789068, 0.00481125, 0.017669236, 0.029913707, 0.0011325813, 0.004230025, 0.020962844, 0.007924032, 0.04396643, 0.012199264, 3.1664647E-4, 0.0347185, 0.026917169, 0.01320672, 0.012786947, 0.009977694, -0.015848065, 0.0022183415, 0.022474028, -0.004207422, -0.01672636, -0.025225159, -0.01818588, 0.01533142, 0.024398528, -0.013251927, 0.002210269, -0.020136213, -0.01334234, 0.022151126, -0.03229027, -0.018599195, 0.019038344, -0.0035228685, 0.034925155, 0.0041299257, -0.0073686396, -0.022616105, 0.021608649, 0.025108915, -0.0069617825, 0.008479425, 0.031644464, -0.034356847, 0.0142723, -9.3964685E-4, 0.03474433, 0.001310985, 0.016287213, -0.005418307, -0.009712913, 0.007420304, 0.007614046, 0.042829815, -0.060912367, -0.026116371, -0.02641344, -0.018147131, 0.01340692, 0.0060544256, 0.025922628, 0.024734346, 0.0067486665, 0.0056669423, -0.01715259, 0.01778548, -0.015873896, -0.032806914, 9.2350174E-4, -0.02605179, 0.012238013, -0.015357252, -0.03285858, -0.008188812, 0.016080555, -0.014543538, 0.018366706, 0.03637176, 0.023184413, 0.022009049, 0.012431754, -0.026400525, 0.0074332203, -0.01735925, -0.028002122, 0.021285746, 0.014504789, 0.032729417, -0.0023636478, 0.005621736, 0.017100926, -0.0037456714, -0.0156026585, -0.018392539, 0.033556048, 0.005999532, 3.1483013E-4, 0.0285446, 0.003358188, -0.006464512, 0.024605187, -0.029112907, 0.024618102, -0.014026893, -0.015215175, -0.003030442, -0.005266543, 0.016700529, -0.04324313, -0.0023959382, 0.0048693726, 0.02435978, 0.030120363, -0.0044915765, 0.004549699, -0.021117836, -0.015641406, -0.037017565, -0.0058800583, -0.02395938, 0.047531277, 0.01928375, 0.0040072226, 0.012870901, -0.0013553841, -0.020252457, 0.010888279, 0.09015443, 0.023623561, 0.015396001, 0.0157964, 0.042855646, 0.017333416, 0.038851652, 0.020859515, -0.016713444, -0.027485479, 0.021363243, 0.0027366003, 0.035700124, 0.006729292, 0.020007052, 0.0019761645, -0.06731875, -0.029939538, -0.00766571, 0.013019437, 0.023378156, -7.095787E-4, 0.018780021, -0.008389012, 0.0072330204, 6.328893E-4, -0.0081758965, -0.03670758, -0.0258193, 0.04406976, 0.021195333, -0.003175748, 0.03458934, 0.013626494, -0.01795339, -1.4702164E-4, 0.0019535613, 0.0042106514, -0.0139364805, -0.0031967368, -0.0043624155, 0.012560915, 0.022176957, 0.01035226, 0.03125698, 0.0066582537, -0.008389012, 0.002436301, -0.039032478, 0.022357782, 0.040737405, -0.006684086, 0.017436747, -0.00428169, 0.0011600279, -0.0032274125, -0.0047369828, -0.04184819, 0.03810252, 0.024643933, 0.018224629, 3.6911815E-4, 0.016532619, 0.013135682, 0.012554457, 0.001503112, -0.0037747326, -0.01729467, 0.019141672, -0.019890806, -0.0048177084, 0.020317039, -0.0019035115, 0.014065642, -0.023094, 0.019826226, 0.013561914, -0.0028689904, 0.03040452, 0.017914642, -0.03342689, 0.0013763728, 0.015241007, 0.03205778, -0.010139145, -0.042984806, -0.03381437, -0.0151505945, -0.021311577, 0.011882819, 0.024011046, 0.019167505, 0.024514774, 0.012154058, -0.011682619, -0.007859452, -0.0025977523, -0.041124888, 0.010248932, 0.038180016, 0.024269367, 0.011191808, 0.013691074, 0.048383743, -0.020007052, 0.0016871666, -0.0040201386, -0.016338877, -0.009299598, 0.0048273955, 0.03089533, 0.0040201386, 0.005647568, -0.027149659, -0.017423829, -0.013445669, 0.009984151, 0.035803452, 0.0042106514, -0.012896734, 0.013445669, 0.010810782, 0.011107853, -0.020562444, 0.0129483985, -0.018534616, 0.044689734, 0.035028484, 0.023998128, -0.013768571, 0.014879356, 0.023158582, 0.0067228344, 0.007543007, 0.04316563, 0.025483482, -0.012418838, 0.01131451, 0.010358718, -0.0188446, -0.049287867, 0.009738745, 0.009648332, -0.019968303, 0.03288441, -0.017243003, -0.01290965, 0.010668705, -0.01755299, 0.035855114, 0.021647397, -0.0061771288, -0.0064871153, -0.016907185, -0.0045658443, 0.008317973, -0.02127283, 0.023946464, 0.021776559, -0.025767636, -0.0188446, -0.018896267, -0.018702524, 0.008698999, 0.016790941, 0.027588807, -0.029267902, -0.034356847, 0.008453593, -0.021117836, -0.023352323, 0.011010982, -0.01708801, 0.0078077875, -0.014672698, 7.543814E-4, 0.009441675, -0.008957321, -0.016248465, 0.022809846, -0.0300687, -0.020136213, -0.016313044, -0.015241007, 0.03750838, -0.001452255, -0.006780957, 8.266309E-4, -0.004643341, -0.011805323, 0.023739807, -0.0016395384, 0.013019437, 0.017217172, -0.004559386, 0.015137679, -0.0067615826, 0.016442206, 0.0010074564, 0.020924095, -0.045464702, 0.0038780614, -0.018263377, 0.016635947, 0.043398123, 0.024863508, -0.0016048264, 0.002160219, -0.024385612, 0.036423426, 0.020329954, 0.020549528, -0.050424486, 0.017798398, 0.0064225346, 0.01334234, -0.008001529, 0.021324495, 0.019542072, 0.011082021, -0.010313512, 0.008879825, -0.00929314, -0.037792534, -0.03342689, -0.0014490258, 0.029810378, -0.022654854, -0.013355256, -0.017772565, 0.023804387, 0.029267902, -0.02406271, 0.016003057, 0.020497864, -0.037792534, -0.0041622156, 0.0054441397, 0.018172964, -0.036190934, -0.038386673, -0.0037230682, 0.002279693, 0.029552056, -0.028518766, 0.017075095, -0.03836084, 0.014608119, 3.6649455E-4, -0.0091058565, -0.034331016, -0.011734284, 0.005156756, -0.050966963, -0.019206252, 0.014840608, 0.02751131, 0.009990609, -0.017346334, -0.021466572, 0.0071296915, 0.0020326725, -0.019929554, -0.0028770631, 0.024643933, -0.0063805575, 4.9323385E-4, -0.011385549, -7.293565E-4, 0.042623155, -0.0019503323, 0.0048047923, -0.0058929743, -0.01945166, -0.02833794, -0.022009049, -0.005369872, 0.0066582537, -4.026193E-4, -0.0044786604, -0.0050437404, -0.028389605, 0.049262036, 0.012987147, 0.01642929, -0.0106880795, -0.019903723, 0.0051599853, -0.018625028, -0.03169613, -0.036423426, -0.027123827, 7.551887E-4, -0.014840608, -0.012083019, 0.032781083, -0.003364646, -0.018909182, 0.012321967, 0.020032883, -0.011856987, 0.02810545, -0.016984683, -0.018405454, 0.014259383, 0.0026429587, 0.011036814, -0.040504914, 0.012890276, -0.013264843, 0.050295323, -0.020368703, -0.011030356, 0.0091639785, 0.004026597, -0.012502792, 0.01865086, -0.004824166, 0.011708452, 0.022874428, -0.012089477, 0.005050198, 0.0050792596, -0.01340692, -0.021582816, 0.011559917, -0.022990672, 0.021156585, 0.022331951, 0.0026591038, -0.029681217, 0.024992669, 0.029009579, 0.011798865, 0.047376283, 3.5317484E-5, -0.029681217, -0.010416841, 0.01509893, -0.01334234, -0.037379216, -0.016364709, 0.06509718, -0.013988145, 0.002027829, 0.030792002, -0.014556454, -0.0031515304, 0.024282284, 0.017669236, 0.008337348, -0.014750196, 0.009209185, -0.057760835, -0.006845537, -0.008227561, 0.044147257, -0.039910775, 0.017501326, 0.0043624155, -0.021376159, 0.021518236, -0.010565377, -0.01410439, 0.0016048264, 8.137148E-4, 0.022319036, -0.031153653, 0.06985031, -0.024166038, -0.031205317, 0.033297725, -6.171478E-4, -0.004320438, 0.018082552, 0.03763754, -0.016274296, 0.028492935, -0.0063611832, -0.022280287, 0.024424361, 0.005389246, -0.022383615, 0.0027592035, 0.008963779, -0.013129224, -0.031799458, 0.0026865504, -0.039574955 ],
  "verified" : null
}" }
	UserMessage { name = null contents = [TextContent { text = "Please show me a recipe with broccoli." }] }
	AiMessage { text = null, thinking = null, toolExecutionRequests = [ToolExecutionRequest { id = "call_hDnMJVSd3Fz2kcQBfgM5ajqq", name = "findTopRecipeMatches", arguments = "{"arg0":"broccoli","arg1":1}" }], attributes = {} }
	]
	tool_execution_results=[]
	}}
--------


---------
NodeOutput{node=__END__, state={
	agent_response=Here's a random recipe from your list:

### Recipe Title: 6585ab180b6b7b8902a5db9e

- **Source:** EVERNOTE
- **Author:** Jamie
- **Notes:** Contains a PDF with the recipe details.
- **Tags:** Medium, Main Course, Vegetable

Unfortunately, the detailed ingredients and steps are not available for this recipe as it contains a PDF with the details.
	messages=[
	UserMessage { name = null contents = [TextContent { text = "Please show me a random recipe from my list" }] }
	AiMessage { text = null, thinking = null, toolExecutionRequests = [ToolExecutionRequest { id = "call_0kA23gOlkOPYf0YVDfdYjorZ", name = "getAllRecipes", arguments = "{}" }], attributes = {} }
	ToolExecutionResultMessage { id = "call_0kA23gOlkOPYf0YVDfdYjorZ" toolName = "getAllRecipes" text = "[ {
  "id" : "fd93af22-5a2a-4cc8-8108-aa68ceec46e2",
  "title" : "15 Minute Swedish Meatballs",
  "tags" : [ "Easy", "Comfort Food", "Vegetarian", "Main Course" ]
}, {
  "id" : "fd49a053-ccac-4d93-b483-e18ad5f7690a",
  "title" : "27 Diagrams That Make Cooking So Much Easier",
  "tags" : [ "Technique", "Main Course" ]
}, {
  "id" : "09f77129-941c-4b30-b740-60c10d983cc6",
  "title" : "6585ab180b6b7b8902a5db9e",
  "tags" : [ "Medium", "Main Course", "Vegetable" ]
}, {
  "id" : "0bb9b040-2bb8-4f90-98f0-37dd2b791cd7",
  "title" : "All-Purpose Cornbread",
  "tags" : [ "Vegetarian", "Bread" ]
}, {
  "id" : "02a4c477-ad4d-4aec-88af-4f488b976fd7",
  "title" : "All-Purpose Gravy",
  "tags" : [ "Sauce" ]
} ]" }
	AiMessage { text = null, thinking = null, toolExecutionRequests = [ToolExecutionRequest { id = "call_92bBVms4buth2H00srmRvOEf", name = "getRecipeById", arguments = "{"arg0":"09f77129-941c-4b30-b740-60c10d983cc6"}" }], attributes = {} }
	ToolExecutionResultMessage { id = "call_92bBVms4buth2H00srmRvOEf" toolName = "getRecipeById" text = "{
  "id" : "09f77129-941c-4b30-b740-60c10d983cc6",
  "title" : "6585ab180b6b7b8902a5db9e",
  "source" : "EVERNOTE",
  "author" : "Jamie",
  "sourceUrl" : null,
  "yield" : null,
  "notes" : "Contains a PDF with the recipe details.",
  "ingredients" : null,
  "steps" : null,
  "createdInSource" : null,
  "updatedInSource" : null,
  "tags" : [ "Medium", "Main Course", "Vegetable" ],
  "embedding" : [ 0.008731289, -0.032574426, 0.017075095, -0.043088138, -0.0377667, 0.0042364835, 0.02867376, 0.027769633, -0.023533149, -0.014621034, 0.047841266, -0.046807975, 0.0023830219, -0.007278227, -4.8717944E-4, 0.04766044, 0.04592968, 0.01715259, 0.016519703, 0.022693602, 0.050501984, -0.025599726, 0.051354446, 0.06525218, 0.017281752, -0.011966774, -0.010713912, -0.008240477, 0.030817835, -0.008182354, 0.028467102, -0.05140611, -0.034201853, 0.008776495, -0.018030887, -0.05233607, 0.020252457, -0.020833682, -0.03322023, 0.039962437, -0.028699592, 0.014659783, 0.009312514, 0.041202385, 0.0052116495, 0.015021434, -0.011359717, 0.011785949, -9.743589E-4, -0.015047266, -0.0075752973, 0.030249525, 0.009732287, 0.03905831, -0.0073686396, -0.0074784267, -0.017385082, 0.06664712, 0.024398528, 0.024514774, 0.042261507, -0.078994915, 0.013600661, -0.015176427, 0.006312748, -0.025444733, -0.025250992, 0.029810378, 0.020291205, 0.01748841, 0.0093318885, 0.006813247, -0.020162044, -0.021208249, 0.04277815, -0.03172196, -0.07754831, -0.03112782, -0.0066453377, -0.06633713, 0.008079026, 0.007336349, -0.026943002, -0.0073686396, 0.009751662, -0.06080904, -0.07114192, -0.04055658, -0.018947931, 0.0072071883, -0.008634418, -0.012619037, -0.006813247, 0.022874428, 0.03288441, 0.005605591, -0.036759242, -0.0138719, -0.034666833, 0.0323936, 0.030275358, -0.036526754, -0.034873493, -0.013129224, 0.018495867, 0.004075032, 0.024088541, -0.016351793, 0.014646866, -0.033736873, -0.034563504, 0.03254859, 0.03810252, -0.018457118, 0.028854586, -3.400569E-4, 0.0385675, -0.004633654, -0.026478022, -0.011889277, -0.031076156, 0.008040277, -0.03670758, -0.0601374, -0.025599726, 0.03089533, 0.017707985, 0.017075095, 0.013561914, -0.06948866, 0.029552056, -0.0145306215, 0.029681217, 0.0051922756, -0.027097994, -0.012296135, -0.024049792, 0.034641, 0.009112314, 0.021053256, 0.039600786, -0.019903723, 0.05615924, 0.015073098, -0.012283219, 0.009189811, -0.022112377, -0.0011140143, 0.020782018, 0.023881884, -0.013536082, 0.033297725, -0.053524353, 0.015344337, 0.00909294, -0.04360478, 0.038748324, 0.01566724, -0.034098525, 0.038541667, -0.0020132985, -0.030223694, 0.025470566, -0.030817835, 0.018134216, 0.019232085, -0.031541135, -8.64572E-4, -0.03843834, -0.03577762, 0.0022393302, -0.0376892, 0.05001117, -0.003354959, -0.0315928, 6.57107E-4, 0.0063870153, -0.07956322, -0.0027995664, -0.045542195, 0.003587449, 0.072278544, -0.0169201, 8.8717515E-4, 0.0020197565, 0.013394004, -0.0010930257, 0.016584283, 0.014982685, -0.0010688079, 0.0031273128, 0.015047266, 0.024643933, -0.05197442, -0.026232615, -0.033142734, 0.04045325, -0.045903847, 0.09433925, 0.080958165, -0.022926092, 0.08571129, 0.010035816, 0.014931021, -0.01509893, -0.03099866, -0.037043396, -0.015447665, -0.048306245, -0.0223707, 0.047169626, -0.011850529, 0.033633545, 0.0200458, -0.06380557, 0.018521698, -0.04918454, -0.0022457882, 0.029552056, 0.030094532, -0.022551525, -0.008744205, 0.030120363, 0.012845069, 0.0065969024, -0.04301064, 0.015512246, -0.028957915, -0.0060576545, -0.013471501, 0.019606652, 0.013587746, -0.018095467, -0.019955387, 0.019206252, 0.051251117, -0.012399464, 0.0027123827, -0.010294138, -0.03882582, -0.0055894456, 0.02455352, 0.008066109, 0.024966836, -0.0046110507, 0.008866908, 0.014608119, -0.09919571, 0.0025912942, 0.05491929, 0.029707048, 0.046704646, -0.036294263, 9.3722506E-4, 0.017333416, -0.0024185413, -0.012083019, 0.016571367, 0.0439406, 3.852633E-4, 0.0032096528, -0.02051078, -0.013193805, 0.012974231, -0.0010486265, 0.050140332, 0.028932082, 0.02528974, 0.014853524, 0.011540542, -6.3652196E-4, -0.007878826, 0.08927614, 0.017436747, -0.01569307, -0.03557096, -0.017565906, 0.014892273, 0.0030449724, 0.028699592, -0.006780957, 0.031747792, -0.0156026585, -0.022319036, 0.011159518, 0.04024659, 0.029629553, -0.005531323, 0.0140785575, -0.028518766, -6.954517E-4, 0.014995601, 0.055280942, 0.02432103, -0.036991734, 0.0011051345, 0.016907185, 0.016984683, 0.039239135, 0.002310369, 0.021905718, 0.04732462, 0.046652984, -0.014956853, 0.020265374, 0.044121426, -0.032936074, -0.034821827, 0.00862796, 0.0036843198, -0.054350983, 0.0028496163, 0.026529687, -0.01901251, 9.2834525E-4, -0.02833794, -0.008789412, 0.037482545, -0.02286151, -0.0047079213, 0.06525218, 0.0033872493, 0.05827748, -0.036759242, 0.010113313, 0.0020568902, -0.0011632569, 0.009441675, 0.004165445, -0.014130223, 0.007885284, -0.030921163, -0.014091474, -0.039239135, 0.002757589, -0.0077238325, -9.7355165E-4, -0.011237014, 0.010571835, 0.029087076, -0.032341935, -0.084678, -0.01270945, 0.026000125, -0.020407451, -0.063237265, -0.007084485, -0.016842606, 0.017824229, -0.015783483, -0.025095997, 0.05724419, -0.009803326, -0.015525162, 0.002588065, -0.014659783, 0.0075882133, -0.039109975, 0.01921917, 0.0022361013, -0.040711574, 0.041693196, -0.025560977, 0.019554988, -0.014698531, -0.0022877657, -0.0755334, -0.027097994, -0.0042493995, -0.009028359, -0.008518173, 0.013716906, -0.05445431, -0.00262197, -0.023442736, -0.0074719684, 0.0091639785, 0.046782143, -0.035028484, -0.019309582, 0.026788007, 0.010623499, -0.0037844197, 0.015809316, 0.044689734, -0.018728357, 0.04825458, 0.045387205, 0.016842606, -0.021531152, -0.01947749, -0.02833794, -0.0061416095, -0.017862977, -0.007969239, 0.034537673, 0.029087076, 0.025870964, -0.0037327553, -0.036681745, 0.0640639, 0.01300652, -0.045748856, 0.0015838378, 0.046110507, 0.010823699, 0.011785949, -0.0064838864, -0.029784545, 0.033246063, 0.0017630487, -0.0061609834, 0.02751131, -0.0058736, 0.01708801, -0.028002122, 0.0071038594, 0.06199732, 0.010029358, 0.020355787, -0.024708515, -0.040840734, 0.010029358, 0.0076721683, 0.0111401435, 0.023533149, 0.07759998, -0.03043035, 0.0017372165, -0.008569838, -0.033375222, -0.011153059, 0.0054086205, -0.011553459, -0.0041622156, -0.026839672, -0.04732462, 0.03169613, 0.0026736343, -0.016209716, 0.009357721, 0.01433688, -0.0011495337, -0.025625559, -0.018767105, -0.003477662, 0.046911303, -0.027666304, -0.0076850844, -0.031928618, -0.019981219, -0.0011083635, -0.014595202, -0.018870434, -0.055590928, 0.041331545, 0.0119474, 0.007504259, 0.030559512, 0.026103454, 0.041693196, -0.009383553, 0.0028996663, 0.038670827, -0.015370169, 0.03706923, 0.01403981, 0.041693196, 0.043191466, -0.045128882, 0.021828223, -0.0053731008, -0.0238948, -0.004065345, -0.020601192, -0.016584283, -0.015434749, -0.0011180507, -0.043398123, 0.025599726, 0.0067874147, -0.008440677, -0.020523695, -0.0041073225, -0.015408917, 0.056572553, 0.029035412, 0.03823168, -0.021117836, -6.187623E-4, -0.0055603846, 0.008453593, -0.047996257, -0.01320672, 0.02820878, -0.026736343, -0.009028359, -0.07078027, 0.023352323, -0.0032209544, 0.03541597, 0.006910118, -0.016300129, 0.02751131, -0.008453593, -0.0094739655, -0.012166974, 0.008989612, 0.042829815, 0.056830876, -0.021066172, -0.0067551243, 0.036914237, 2.1127423E-7, 0.007336349, 0.0068907435, -0.018431285, 0.025715971, 0.017268836, 0.039910775, -0.023881884, 0.005040511, -0.0043398123, -0.012670702, -0.007278227, 2.5105686E-4, 0.037818365, -0.04280398, 0.008472967, -0.04742795, 0.05956909, 0.0017646633, -0.0027156118, 0.008957321, -0.01171491, 0.027459646, 0.021854054, 0.014143138, -0.019193336, -0.0493912, 0.009028359, 0.016119303, 0.011727826, 7.709302E-4, 0.01145013, -0.032600258, 0.01818588, -0.026400525, -0.0060189064, 0.009073566, -0.03461517, -0.020019967, 0.025664307, 0.0027931083, 0.04825458, 0.006916576, 0.006697002, -0.042933144, 6.797102E-4, 0.019516239, 0.019684149, -0.02810545, -0.022306118, -0.023610646, -0.03182529, -0.013161514, -0.0074461363, -0.023352323, 0.015951393, 0.0031095531, -0.010177894, -0.01480186, 0.011372633, 0.013768571, 0.051225286, 0.01918042, 0.030120363, 0.018108383, -0.02751131, 0.0050566564, -0.03916164, 0.0041589867, 0.0044818893, 0.041202385, -0.028467102, 0.059775747, 0.05734752, 0.041228216, -0.010843073, 0.050786138, -0.009687081, 0.015550994, -0.010920569, -0.0013004906, -0.004297835, -0.004091177, -0.025548061, 0.0013892889, -0.00358422, -0.028415438, 0.013316507, -0.020200793, -0.024372695, 0.03670758, 0.027769633, 0.04556803, -0.005027595, 6.752703E-4, 0.009893739, -0.022357782, -0.017307585, 0.026994666, 0.01151471, -0.027614638, -0.013833152, 0.02093701, 0.014323964, -0.0047563566, -0.017010514, -0.023352323, 0.009222101, 0.020885346, 0.006942408, -0.026736343, -0.025728887, -0.012289677, -0.0377667, -0.004456057, -0.018172964, -0.0029820064, -0.03458934, -0.011863445, 0.041099057, -0.03541597, 0.036914237, 0.026297197, 0.015641406, -0.016313044, -0.003687549, -0.0062320223, 0.016003057, -0.005021137, 0.038257513, -0.008782953, -0.0012536697, -1.1896947E-4, -0.03810252, -0.013394004, -0.01947749, -0.020924095, -0.004420538, -0.03802502, 0.0080984, -0.0048273955, -0.0024185413, 0.015189343, 0.0017485181, -0.032238606, 0.010965776, -0.032238606, 0.01264487, 0.017410913, 0.005395704, -8.468123E-4, 8.8556064E-4, 0.051457774, 0.02300359, -0.020149129, -0.018560447, -0.0010276379, 0.035260975, -0.0020988677, 0.013226095, 0.012018438, 0.023804387, 0.014001061, 0.029707048, 0.010068106, 0.019438742, -0.0038877486, 0.023158582, 0.007639878, 0.005757355, 0.010494337, 0.024398528, -0.026335943, -0.0036617166, 0.02681384, 0.040169097, 0.011760117, -0.013768571, 5.6104345E-4, 0.007161982, -0.008879825, 0.0315928, 0.028957915, 0.011475962, 0.014866441, 0.008208186, -0.09232434, -0.017604655, 0.007097401, -0.02844127, 0.02412729, -0.015977226, 1.635704E-4, 0.014026893, 0.015408917, 0.021298662, -0.04427642, -0.016984683, -0.0010421685, -0.06003407, 0.015848065, 0.005001763, -0.0013763728, -0.022293203, -0.0021166273, -0.014478957, -0.006115777, 0.026323028, 0.016222632, -0.008531089, -0.035131812, 0.010778492, -0.0015265226, 0.010093939, 0.017875893, -0.008847534, 0.004459286, 0.0011366175, -0.012935482, 0.02127283, 0.014130223, -0.007872368, 0.04370811, -0.04171903, 0.016468037, -0.004798334, -0.002475049, -0.025341405, -0.053472687, 0.0032710044, 0.023907715, -0.0029658612, -0.01901251, -0.0033258977, -0.0041073225, -0.068042055, 0.030688673, -0.04572302, 0.01055246, -0.01151471, 0.009887281, 0.054609306, -0.028699592, 0.00816298, -0.021996131, 0.0053375815, 0.03833501, -0.016248465, 0.012748199, 0.025858048, -0.018805854, -0.029242069, -0.0037262973, 0.044018097, -0.01363941, 0.0019454887, 0.04383727, -0.016984683, -0.03381437, -0.0035583877, 0.014931021, 0.039549123, -0.021492403, -0.018947931, -0.006942408, 0.011585749, 0.0285446, 0.04600718, -0.01905126, 0.019322498, -0.011805323, 0.024682682, -0.0065097185, -0.011630955, 0.012586747, -0.09335763, -0.04616217, -0.010881821, -0.03066284, 0.013038811, -0.018392539, 0.029009579, -0.0010300596, 0.002581607, -0.06303061, 0.0048209373, 0.05796749, -0.024256451, -0.03133448, -0.0014474114, 0.019554988, 0.044121426, 0.025212243, -0.04391477, 0.029500391, 0.019425826, 0.0038651454, -0.008279225, 0.014220635, -0.014130223, 0.013129224, 0.025018502, -0.024114374, 0.017695067, -0.010623499, 0.0010639644, 0.0068649114, -0.0068519954, -0.01725592, 0.011146601, 7.7981E-4, -0.02857043, 0.04197735, -0.04311397, 0.007936948, 0.023313574, 0.017992139, 0.009835617, 0.008821702, 0.011676162, 0.0200458, 0.014827692, 0.03588095, -0.0026429587, 0.0134844165, -0.022344867, 0.018392539, 0.0145306215, 0.033711042, -0.03218694, -0.0076334197, 0.00501145, -0.003342043, -0.004785418, 0.022939008, 0.0025299427, 0.007969239, -0.017669236, -0.010132687, 0.004291377, 0.0067422083, -0.031308647, 0.014504789, 0.009435217, 0.006948866, -0.0021957383, -0.008311516, -0.019981219, 0.010087481, -0.01503435, 0.014233551, 0.027020497, -0.050656974, -0.008757121, -0.013962313, 0.02302942, 0.025315572, -0.03603594, -0.034046862, 0.0017097698, -0.031024491, 0.014311047, 0.0015644636, -0.034847658, 0.023688141, -0.019425826, -0.010533086, 0.017062178, -0.034795996, -0.011256388, -0.0016936247, 0.0026397295, 0.0063999314, 0.048771225, 0.050966963, 0.0137944035, -0.00335173, -9.1946544E-4, -0.031411976, 0.0081758965, 0.018612111, -0.0097581195, 0.02681384, -0.015266839, -0.009712913, 0.042752318, 0.00720073, 0.007291143, -0.00912523, 0.006697002, 0.010823699, 0.030507848, -0.0026478022, -0.006813247, 0.004058887, -0.010539544, -3.3682788E-4, 0.018792937, 0.009990609, 0.011049731, -0.028131284, 0.015977226, 0.010888279, 0.0041460707, -0.006716376, -0.005279459, 0.0138719, 0.029293733, -0.012567373, 0.009312514, -0.0052181077, -0.021608649, -0.003474433, 0.015421833, -0.005137382, 0.035958447, -0.016907185, 0.013858984, 0.0011220869, -0.029216237, 0.04941703, 0.023210246, -0.035803452, -0.02104034, -0.007032821, -0.014143138, 0.00879587, 0.0047240667, 0.02286151, 0.012935482, -0.02383022, -0.0038490002, 0.04011743, -0.028699592, 0.01888335, 0.028725425, -0.025560977, 0.013729823, 0.0027527455, 0.05117362, -0.044147257, -0.0048047923, -0.007969239, 0.006086716, -0.011566374, -0.024036877, -0.004914579, -0.025715971, 0.004562615, -0.019193336, 0.0039587873, 0.00550872, -0.004297835, 0.016945934, 0.0169201, 0.04301064, 0.014853524, 0.017875893, 6.2108316E-5, -0.025018502, 0.021686146, -0.01841837, 0.0058994326, 0.027666304, 0.010126228, -0.010074564, -0.041073225, 0.015538078, 0.02512183, -0.028699592, 0.021647397, -0.06199732, 0.046188, 0.019852059, 0.039962437, 0.0098227, 0.004517409, -0.05641756, -0.0013352027, -0.026607182, -0.020885346, 0.0034356848, -0.0072201043, 0.005725065, 0.04616217, 0.006125464, 0.038774155, 0.023119833, 0.029448727, 0.0362426, -0.03342689, -0.018909182, 0.013090475, 0.004104093, -0.007032821, -0.04745378, -0.0493912, -0.02070452, -0.001612899, 0.029319566, -0.04068574, -0.011953858, -0.0431398, -0.0019600193, 0.03717256, -0.0258193, -0.034460176, 0.040789068, 0.00481125, 0.017669236, 0.029913707, 0.0011325813, 0.004230025, 0.020962844, 0.007924032, 0.04396643, 0.012199264, 3.1664647E-4, 0.0347185, 0.026917169, 0.01320672, 0.012786947, 0.009977694, -0.015848065, 0.0022183415, 0.022474028, -0.004207422, -0.01672636, -0.025225159, -0.01818588, 0.01533142, 0.024398528, -0.013251927, 0.002210269, -0.020136213, -0.01334234, 0.022151126, -0.03229027, -0.018599195, 0.019038344, -0.0035228685, 0.034925155, 0.0041299257, -0.0073686396, -0.022616105, 0.021608649, 0.025108915, -0.0069617825, 0.008479425, 0.031644464, -0.034356847, 0.0142723, -9.3964685E-4, 0.03474433, 0.001310985, 0.016287213, -0.005418307, -0.009712913, 0.007420304, 0.007614046, 0.042829815, -0.060912367, -0.026116371, -0.02641344, -0.018147131, 0.01340692, 0.0060544256, 0.025922628, 0.024734346, 0.0067486665, 0.0056669423, -0.01715259, 0.01778548, -0.015873896, -0.032806914, 9.2350174E-4, -0.02605179, 0.012238013, -0.015357252, -0.03285858, -0.008188812, 0.016080555, -0.014543538, 0.018366706, 0.03637176, 0.023184413, 0.022009049, 0.012431754, -0.026400525, 0.0074332203, -0.01735925, -0.028002122, 0.021285746, 0.014504789, 0.032729417, -0.0023636478, 0.005621736, 0.017100926, -0.0037456714, -0.0156026585, -0.018392539, 0.033556048, 0.005999532, 3.1483013E-4, 0.0285446, 0.003358188, -0.006464512, 0.024605187, -0.029112907, 0.024618102, -0.014026893, -0.015215175, -0.003030442, -0.005266543, 0.016700529, -0.04324313, -0.0023959382, 0.0048693726, 0.02435978, 0.030120363, -0.0044915765, 0.004549699, -0.021117836, -0.015641406, -0.037017565, -0.0058800583, -0.02395938, 0.047531277, 0.01928375, 0.0040072226, 0.012870901, -0.0013553841, -0.020252457, 0.010888279, 0.09015443, 0.023623561, 0.015396001, 0.0157964, 0.042855646, 0.017333416, 0.038851652, 0.020859515, -0.016713444, -0.027485479, 0.021363243, 0.0027366003, 0.035700124, 0.006729292, 0.020007052, 0.0019761645, -0.06731875, -0.029939538, -0.00766571, 0.013019437, 0.023378156, -7.095787E-4, 0.018780021, -0.008389012, 0.0072330204, 6.328893E-4, -0.0081758965, -0.03670758, -0.0258193, 0.04406976, 0.021195333, -0.003175748, 0.03458934, 0.013626494, -0.01795339, -1.4702164E-4, 0.0019535613, 0.0042106514, -0.0139364805, -0.0031967368, -0.0043624155, 0.012560915, 0.022176957, 0.01035226, 0.03125698, 0.0066582537, -0.008389012, 0.002436301, -0.039032478, 0.022357782, 0.040737405, -0.006684086, 0.017436747, -0.00428169, 0.0011600279, -0.0032274125, -0.0047369828, -0.04184819, 0.03810252, 0.024643933, 0.018224629, 3.6911815E-4, 0.016532619, 0.013135682, 0.012554457, 0.001503112, -0.0037747326, -0.01729467, 0.019141672, -0.019890806, -0.0048177084, 0.020317039, -0.0019035115, 0.014065642, -0.023094, 0.019826226, 0.013561914, -0.0028689904, 0.03040452, 0.017914642, -0.03342689, 0.0013763728, 0.015241007, 0.03205778, -0.010139145, -0.042984806, -0.03381437, -0.0151505945, -0.021311577, 0.011882819, 0.024011046, 0.019167505, 0.024514774, 0.012154058, -0.011682619, -0.007859452, -0.0025977523, -0.041124888, 0.010248932, 0.038180016, 0.024269367, 0.011191808, 0.013691074, 0.048383743, -0.020007052, 0.0016871666, -0.0040201386, -0.016338877, -0.009299598, 0.0048273955, 0.03089533, 0.0040201386, 0.005647568, -0.027149659, -0.017423829, -0.013445669, 0.009984151, 0.035803452, 0.0042106514, -0.012896734, 0.013445669, 0.010810782, 0.011107853, -0.020562444, 0.0129483985, -0.018534616, 0.044689734, 0.035028484, 0.023998128, -0.013768571, 0.014879356, 0.023158582, 0.0067228344, 0.007543007, 0.04316563, 0.025483482, -0.012418838, 0.01131451, 0.010358718, -0.0188446, -0.049287867, 0.009738745, 0.009648332, -0.019968303, 0.03288441, -0.017243003, -0.01290965, 0.010668705, -0.01755299, 0.035855114, 0.021647397, -0.0061771288, -0.0064871153, -0.016907185, -0.0045658443, 0.008317973, -0.02127283, 0.023946464, 0.021776559, -0.025767636, -0.0188446, -0.018896267, -0.018702524, 0.008698999, 0.016790941, 0.027588807, -0.029267902, -0.034356847, 0.008453593, -0.021117836, -0.023352323, 0.011010982, -0.01708801, 0.0078077875, -0.014672698, 7.543814E-4, 0.009441675, -0.008957321, -0.016248465, 0.022809846, -0.0300687, -0.020136213, -0.016313044, -0.015241007, 0.03750838, -0.001452255, -0.006780957, 8.266309E-4, -0.004643341, -0.011805323, 0.023739807, -0.0016395384, 0.013019437, 0.017217172, -0.004559386, 0.015137679, -0.0067615826, 0.016442206, 0.0010074564, 0.020924095, -0.045464702, 0.0038780614, -0.018263377, 0.016635947, 0.043398123, 0.024863508, -0.0016048264, 0.002160219, -0.024385612, 0.036423426, 0.020329954, 0.020549528, -0.050424486, 0.017798398, 0.0064225346, 0.01334234, -0.008001529, 0.021324495, 0.019542072, 0.011082021, -0.010313512, 0.008879825, -0.00929314, -0.037792534, -0.03342689, -0.0014490258, 0.029810378, -0.022654854, -0.013355256, -0.017772565, 0.023804387, 0.029267902, -0.02406271, 0.016003057, 0.020497864, -0.037792534, -0.0041622156, 0.0054441397, 0.018172964, -0.036190934, -0.038386673, -0.0037230682, 0.002279693, 0.029552056, -0.028518766, 0.017075095, -0.03836084, 0.014608119, 3.6649455E-4, -0.0091058565, -0.034331016, -0.011734284, 0.005156756, -0.050966963, -0.019206252, 0.014840608, 0.02751131, 0.009990609, -0.017346334, -0.021466572, 0.0071296915, 0.0020326725, -0.019929554, -0.0028770631, 0.024643933, -0.0063805575, 4.9323385E-4, -0.011385549, -7.293565E-4, 0.042623155, -0.0019503323, 0.0048047923, -0.0058929743, -0.01945166, -0.02833794, -0.022009049, -0.005369872, 0.0066582537, -4.026193E-4, -0.0044786604, -0.0050437404, -0.028389605, 0.049262036, 0.012987147, 0.01642929, -0.0106880795, -0.019903723, 0.0051599853, -0.018625028, -0.03169613, -0.036423426, -0.027123827, 7.551887E-4, -0.014840608, -0.012083019, 0.032781083, -0.003364646, -0.018909182, 0.012321967, 0.020032883, -0.011856987, 0.02810545, -0.016984683, -0.018405454, 0.014259383, 0.0026429587, 0.011036814, -0.040504914, 0.012890276, -0.013264843, 0.050295323, -0.020368703, -0.011030356, 0.0091639785, 0.004026597, -0.012502792, 0.01865086, -0.004824166, 0.011708452, 0.022874428, -0.012089477, 0.005050198, 0.0050792596, -0.01340692, -0.021582816, 0.011559917, -0.022990672, 0.021156585, 0.022331951, 0.0026591038, -0.029681217, 0.024992669, 0.029009579, 0.011798865, 0.047376283, 3.5317484E-5, -0.029681217, -0.010416841, 0.01509893, -0.01334234, -0.037379216, -0.016364709, 0.06509718, -0.013988145, 0.002027829, 0.030792002, -0.014556454, -0.0031515304, 0.024282284, 0.017669236, 0.008337348, -0.014750196, 0.009209185, -0.057760835, -0.006845537, -0.008227561, 0.044147257, -0.039910775, 0.017501326, 0.0043624155, -0.021376159, 0.021518236, -0.010565377, -0.01410439, 0.0016048264, 8.137148E-4, 0.022319036, -0.031153653, 0.06985031, -0.024166038, -0.031205317, 0.033297725, -6.171478E-4, -0.004320438, 0.018082552, 0.03763754, -0.016274296, 0.028492935, -0.0063611832, -0.022280287, 0.024424361, 0.005389246, -0.022383615, 0.0027592035, 0.008963779, -0.013129224, -0.031799458, 0.0026865504, -0.039574955 ],
  "verified" : null
}" }
	UserMessage { name = null contents = [TextContent { text = "Please show me a recipe with broccoli." }] }
	AiMessage { text = null, thinking = null, toolExecutionRequests = [ToolExecutionRequest { id = "call_hDnMJVSd3Fz2kcQBfgM5ajqq", name = "findTopRecipeMatches", arguments = "{"arg0":"broccoli","arg1":1}" }], attributes = {} }
	]
	tool_execution_results=[]
	}}
--------

*********************************** Please show me a recipe with vegetables.

---------
NodeOutput{node=__START__, state={
	agent_response=Here's a random recipe from your list:

### Recipe Title: 6585ab180b6b7b8902a5db9e

- **Source:** EVERNOTE
- **Author:** Jamie
- **Notes:** Contains a PDF with the recipe details.
- **Tags:** Medium, Main Course, Vegetable

Unfortunately, the detailed ingredients and steps are not available for this recipe as it contains a PDF with the details.
	messages=[
	UserMessage { name = null contents = [TextContent { text = "Please show me a random recipe from my list" }] }
	AiMessage { text = null, thinking = null, toolExecutionRequests = [ToolExecutionRequest { id = "call_0kA23gOlkOPYf0YVDfdYjorZ", name = "getAllRecipes", arguments = "{}" }], attributes = {} }
	ToolExecutionResultMessage { id = "call_0kA23gOlkOPYf0YVDfdYjorZ" toolName = "getAllRecipes" text = "[ {
  "id" : "fd93af22-5a2a-4cc8-8108-aa68ceec46e2",
  "title" : "15 Minute Swedish Meatballs",
  "tags" : [ "Easy", "Comfort Food", "Vegetarian", "Main Course" ]
}, {
  "id" : "fd49a053-ccac-4d93-b483-e18ad5f7690a",
  "title" : "27 Diagrams That Make Cooking So Much Easier",
  "tags" : [ "Technique", "Main Course" ]
}, {
  "id" : "09f77129-941c-4b30-b740-60c10d983cc6",
  "title" : "6585ab180b6b7b8902a5db9e",
  "tags" : [ "Medium", "Main Course", "Vegetable" ]
}, {
  "id" : "0bb9b040-2bb8-4f90-98f0-37dd2b791cd7",
  "title" : "All-Purpose Cornbread",
  "tags" : [ "Vegetarian", "Bread" ]
}, {
  "id" : "02a4c477-ad4d-4aec-88af-4f488b976fd7",
  "title" : "All-Purpose Gravy",
  "tags" : [ "Sauce" ]
} ]" }
	AiMessage { text = null, thinking = null, toolExecutionRequests = [ToolExecutionRequest { id = "call_92bBVms4buth2H00srmRvOEf", name = "getRecipeById", arguments = "{"arg0":"09f77129-941c-4b30-b740-60c10d983cc6"}" }], attributes = {} }
	ToolExecutionResultMessage { id = "call_92bBVms4buth2H00srmRvOEf" toolName = "getRecipeById" text = "{
  "id" : "09f77129-941c-4b30-b740-60c10d983cc6",
  "title" : "6585ab180b6b7b8902a5db9e",
  "source" : "EVERNOTE",
  "author" : "Jamie",
  "sourceUrl" : null,
  "yield" : null,
  "notes" : "Contains a PDF with the recipe details.",
  "ingredients" : null,
  "steps" : null,
  "createdInSource" : null,
  "updatedInSource" : null,
  "tags" : [ "Medium", "Main Course", "Vegetable" ],
  "embedding" : [ 0.008731289, -0.032574426, 0.017075095, -0.043088138, -0.0377667, 0.0042364835, 0.02867376, 0.027769633, -0.023533149, -0.014621034, 0.047841266, -0.046807975, 0.0023830219, -0.007278227, -4.8717944E-4, 0.04766044, 0.04592968, 0.01715259, 0.016519703, 0.022693602, 0.050501984, -0.025599726, 0.051354446, 0.06525218, 0.017281752, -0.011966774, -0.010713912, -0.008240477, 0.030817835, -0.008182354, 0.028467102, -0.05140611, -0.034201853, 0.008776495, -0.018030887, -0.05233607, 0.020252457, -0.020833682, -0.03322023, 0.039962437, -0.028699592, 0.014659783, 0.009312514, 0.041202385, 0.0052116495, 0.015021434, -0.011359717, 0.011785949, -9.743589E-4, -0.015047266, -0.0075752973, 0.030249525, 0.009732287, 0.03905831, -0.0073686396, -0.0074784267, -0.017385082, 0.06664712, 0.024398528, 0.024514774, 0.042261507, -0.078994915, 0.013600661, -0.015176427, 0.006312748, -0.025444733, -0.025250992, 0.029810378, 0.020291205, 0.01748841, 0.0093318885, 0.006813247, -0.020162044, -0.021208249, 0.04277815, -0.03172196, -0.07754831, -0.03112782, -0.0066453377, -0.06633713, 0.008079026, 0.007336349, -0.026943002, -0.0073686396, 0.009751662, -0.06080904, -0.07114192, -0.04055658, -0.018947931, 0.0072071883, -0.008634418, -0.012619037, -0.006813247, 0.022874428, 0.03288441, 0.005605591, -0.036759242, -0.0138719, -0.034666833, 0.0323936, 0.030275358, -0.036526754, -0.034873493, -0.013129224, 0.018495867, 0.004075032, 0.024088541, -0.016351793, 0.014646866, -0.033736873, -0.034563504, 0.03254859, 0.03810252, -0.018457118, 0.028854586, -3.400569E-4, 0.0385675, -0.004633654, -0.026478022, -0.011889277, -0.031076156, 0.008040277, -0.03670758, -0.0601374, -0.025599726, 0.03089533, 0.017707985, 0.017075095, 0.013561914, -0.06948866, 0.029552056, -0.0145306215, 0.029681217, 0.0051922756, -0.027097994, -0.012296135, -0.024049792, 0.034641, 0.009112314, 0.021053256, 0.039600786, -0.019903723, 0.05615924, 0.015073098, -0.012283219, 0.009189811, -0.022112377, -0.0011140143, 0.020782018, 0.023881884, -0.013536082, 0.033297725, -0.053524353, 0.015344337, 0.00909294, -0.04360478, 0.038748324, 0.01566724, -0.034098525, 0.038541667, -0.0020132985, -0.030223694, 0.025470566, -0.030817835, 0.018134216, 0.019232085, -0.031541135, -8.64572E-4, -0.03843834, -0.03577762, 0.0022393302, -0.0376892, 0.05001117, -0.003354959, -0.0315928, 6.57107E-4, 0.0063870153, -0.07956322, -0.0027995664, -0.045542195, 0.003587449, 0.072278544, -0.0169201, 8.8717515E-4, 0.0020197565, 0.013394004, -0.0010930257, 0.016584283, 0.014982685, -0.0010688079, 0.0031273128, 0.015047266, 0.024643933, -0.05197442, -0.026232615, -0.033142734, 0.04045325, -0.045903847, 0.09433925, 0.080958165, -0.022926092, 0.08571129, 0.010035816, 0.014931021, -0.01509893, -0.03099866, -0.037043396, -0.015447665, -0.048306245, -0.0223707, 0.047169626, -0.011850529, 0.033633545, 0.0200458, -0.06380557, 0.018521698, -0.04918454, -0.0022457882, 0.029552056, 0.030094532, -0.022551525, -0.008744205, 0.030120363, 0.012845069, 0.0065969024, -0.04301064, 0.015512246, -0.028957915, -0.0060576545, -0.013471501, 0.019606652, 0.013587746, -0.018095467, -0.019955387, 0.019206252, 0.051251117, -0.012399464, 0.0027123827, -0.010294138, -0.03882582, -0.0055894456, 0.02455352, 0.008066109, 0.024966836, -0.0046110507, 0.008866908, 0.014608119, -0.09919571, 0.0025912942, 0.05491929, 0.029707048, 0.046704646, -0.036294263, 9.3722506E-4, 0.017333416, -0.0024185413, -0.012083019, 0.016571367, 0.0439406, 3.852633E-4, 0.0032096528, -0.02051078, -0.013193805, 0.012974231, -0.0010486265, 0.050140332, 0.028932082, 0.02528974, 0.014853524, 0.011540542, -6.3652196E-4, -0.007878826, 0.08927614, 0.017436747, -0.01569307, -0.03557096, -0.017565906, 0.014892273, 0.0030449724, 0.028699592, -0.006780957, 0.031747792, -0.0156026585, -0.022319036, 0.011159518, 0.04024659, 0.029629553, -0.005531323, 0.0140785575, -0.028518766, -6.954517E-4, 0.014995601, 0.055280942, 0.02432103, -0.036991734, 0.0011051345, 0.016907185, 0.016984683, 0.039239135, 0.002310369, 0.021905718, 0.04732462, 0.046652984, -0.014956853, 0.020265374, 0.044121426, -0.032936074, -0.034821827, 0.00862796, 0.0036843198, -0.054350983, 0.0028496163, 0.026529687, -0.01901251, 9.2834525E-4, -0.02833794, -0.008789412, 0.037482545, -0.02286151, -0.0047079213, 0.06525218, 0.0033872493, 0.05827748, -0.036759242, 0.010113313, 0.0020568902, -0.0011632569, 0.009441675, 0.004165445, -0.014130223, 0.007885284, -0.030921163, -0.014091474, -0.039239135, 0.002757589, -0.0077238325, -9.7355165E-4, -0.011237014, 0.010571835, 0.029087076, -0.032341935, -0.084678, -0.01270945, 0.026000125, -0.020407451, -0.063237265, -0.007084485, -0.016842606, 0.017824229, -0.015783483, -0.025095997, 0.05724419, -0.009803326, -0.015525162, 0.002588065, -0.014659783, 0.0075882133, -0.039109975, 0.01921917, 0.0022361013, -0.040711574, 0.041693196, -0.025560977, 0.019554988, -0.014698531, -0.0022877657, -0.0755334, -0.027097994, -0.0042493995, -0.009028359, -0.008518173, 0.013716906, -0.05445431, -0.00262197, -0.023442736, -0.0074719684, 0.0091639785, 0.046782143, -0.035028484, -0.019309582, 0.026788007, 0.010623499, -0.0037844197, 0.015809316, 0.044689734, -0.018728357, 0.04825458, 0.045387205, 0.016842606, -0.021531152, -0.01947749, -0.02833794, -0.0061416095, -0.017862977, -0.007969239, 0.034537673, 0.029087076, 0.025870964, -0.0037327553, -0.036681745, 0.0640639, 0.01300652, -0.045748856, 0.0015838378, 0.046110507, 0.010823699, 0.011785949, -0.0064838864, -0.029784545, 0.033246063, 0.0017630487, -0.0061609834, 0.02751131, -0.0058736, 0.01708801, -0.028002122, 0.0071038594, 0.06199732, 0.010029358, 0.020355787, -0.024708515, -0.040840734, 0.010029358, 0.0076721683, 0.0111401435, 0.023533149, 0.07759998, -0.03043035, 0.0017372165, -0.008569838, -0.033375222, -0.011153059, 0.0054086205, -0.011553459, -0.0041622156, -0.026839672, -0.04732462, 0.03169613, 0.0026736343, -0.016209716, 0.009357721, 0.01433688, -0.0011495337, -0.025625559, -0.018767105, -0.003477662, 0.046911303, -0.027666304, -0.0076850844, -0.031928618, -0.019981219, -0.0011083635, -0.014595202, -0.018870434, -0.055590928, 0.041331545, 0.0119474, 0.007504259, 0.030559512, 0.026103454, 0.041693196, -0.009383553, 0.0028996663, 0.038670827, -0.015370169, 0.03706923, 0.01403981, 0.041693196, 0.043191466, -0.045128882, 0.021828223, -0.0053731008, -0.0238948, -0.004065345, -0.020601192, -0.016584283, -0.015434749, -0.0011180507, -0.043398123, 0.025599726, 0.0067874147, -0.008440677, -0.020523695, -0.0041073225, -0.015408917, 0.056572553, 0.029035412, 0.03823168, -0.021117836, -6.187623E-4, -0.0055603846, 0.008453593, -0.047996257, -0.01320672, 0.02820878, -0.026736343, -0.009028359, -0.07078027, 0.023352323, -0.0032209544, 0.03541597, 0.006910118, -0.016300129, 0.02751131, -0.008453593, -0.0094739655, -0.012166974, 0.008989612, 0.042829815, 0.056830876, -0.021066172, -0.0067551243, 0.036914237, 2.1127423E-7, 0.007336349, 0.0068907435, -0.018431285, 0.025715971, 0.017268836, 0.039910775, -0.023881884, 0.005040511, -0.0043398123, -0.012670702, -0.007278227, 2.5105686E-4, 0.037818365, -0.04280398, 0.008472967, -0.04742795, 0.05956909, 0.0017646633, -0.0027156118, 0.008957321, -0.01171491, 0.027459646, 0.021854054, 0.014143138, -0.019193336, -0.0493912, 0.009028359, 0.016119303, 0.011727826, 7.709302E-4, 0.01145013, -0.032600258, 0.01818588, -0.026400525, -0.0060189064, 0.009073566, -0.03461517, -0.020019967, 0.025664307, 0.0027931083, 0.04825458, 0.006916576, 0.006697002, -0.042933144, 6.797102E-4, 0.019516239, 0.019684149, -0.02810545, -0.022306118, -0.023610646, -0.03182529, -0.013161514, -0.0074461363, -0.023352323, 0.015951393, 0.0031095531, -0.010177894, -0.01480186, 0.011372633, 0.013768571, 0.051225286, 0.01918042, 0.030120363, 0.018108383, -0.02751131, 0.0050566564, -0.03916164, 0.0041589867, 0.0044818893, 0.041202385, -0.028467102, 0.059775747, 0.05734752, 0.041228216, -0.010843073, 0.050786138, -0.009687081, 0.015550994, -0.010920569, -0.0013004906, -0.004297835, -0.004091177, -0.025548061, 0.0013892889, -0.00358422, -0.028415438, 0.013316507, -0.020200793, -0.024372695, 0.03670758, 0.027769633, 0.04556803, -0.005027595, 6.752703E-4, 0.009893739, -0.022357782, -0.017307585, 0.026994666, 0.01151471, -0.027614638, -0.013833152, 0.02093701, 0.014323964, -0.0047563566, -0.017010514, -0.023352323, 0.009222101, 0.020885346, 0.006942408, -0.026736343, -0.025728887, -0.012289677, -0.0377667, -0.004456057, -0.018172964, -0.0029820064, -0.03458934, -0.011863445, 0.041099057, -0.03541597, 0.036914237, 0.026297197, 0.015641406, -0.016313044, -0.003687549, -0.0062320223, 0.016003057, -0.005021137, 0.038257513, -0.008782953, -0.0012536697, -1.1896947E-4, -0.03810252, -0.013394004, -0.01947749, -0.020924095, -0.004420538, -0.03802502, 0.0080984, -0.0048273955, -0.0024185413, 0.015189343, 0.0017485181, -0.032238606, 0.010965776, -0.032238606, 0.01264487, 0.017410913, 0.005395704, -8.468123E-4, 8.8556064E-4, 0.051457774, 0.02300359, -0.020149129, -0.018560447, -0.0010276379, 0.035260975, -0.0020988677, 0.013226095, 0.012018438, 0.023804387, 0.014001061, 0.029707048, 0.010068106, 0.019438742, -0.0038877486, 0.023158582, 0.007639878, 0.005757355, 0.010494337, 0.024398528, -0.026335943, -0.0036617166, 0.02681384, 0.040169097, 0.011760117, -0.013768571, 5.6104345E-4, 0.007161982, -0.008879825, 0.0315928, 0.028957915, 0.011475962, 0.014866441, 0.008208186, -0.09232434, -0.017604655, 0.007097401, -0.02844127, 0.02412729, -0.015977226, 1.635704E-4, 0.014026893, 0.015408917, 0.021298662, -0.04427642, -0.016984683, -0.0010421685, -0.06003407, 0.015848065, 0.005001763, -0.0013763728, -0.022293203, -0.0021166273, -0.014478957, -0.006115777, 0.026323028, 0.016222632, -0.008531089, -0.035131812, 0.010778492, -0.0015265226, 0.010093939, 0.017875893, -0.008847534, 0.004459286, 0.0011366175, -0.012935482, 0.02127283, 0.014130223, -0.007872368, 0.04370811, -0.04171903, 0.016468037, -0.004798334, -0.002475049, -0.025341405, -0.053472687, 0.0032710044, 0.023907715, -0.0029658612, -0.01901251, -0.0033258977, -0.0041073225, -0.068042055, 0.030688673, -0.04572302, 0.01055246, -0.01151471, 0.009887281, 0.054609306, -0.028699592, 0.00816298, -0.021996131, 0.0053375815, 0.03833501, -0.016248465, 0.012748199, 0.025858048, -0.018805854, -0.029242069, -0.0037262973, 0.044018097, -0.01363941, 0.0019454887, 0.04383727, -0.016984683, -0.03381437, -0.0035583877, 0.014931021, 0.039549123, -0.021492403, -0.018947931, -0.006942408, 0.011585749, 0.0285446, 0.04600718, -0.01905126, 0.019322498, -0.011805323, 0.024682682, -0.0065097185, -0.011630955, 0.012586747, -0.09335763, -0.04616217, -0.010881821, -0.03066284, 0.013038811, -0.018392539, 0.029009579, -0.0010300596, 0.002581607, -0.06303061, 0.0048209373, 0.05796749, -0.024256451, -0.03133448, -0.0014474114, 0.019554988, 0.044121426, 0.025212243, -0.04391477, 0.029500391, 0.019425826, 0.0038651454, -0.008279225, 0.014220635, -0.014130223, 0.013129224, 0.025018502, -0.024114374, 0.017695067, -0.010623499, 0.0010639644, 0.0068649114, -0.0068519954, -0.01725592, 0.011146601, 7.7981E-4, -0.02857043, 0.04197735, -0.04311397, 0.007936948, 0.023313574, 0.017992139, 0.009835617, 0.008821702, 0.011676162, 0.0200458, 0.014827692, 0.03588095, -0.0026429587, 0.0134844165, -0.022344867, 0.018392539, 0.0145306215, 0.033711042, -0.03218694, -0.0076334197, 0.00501145, -0.003342043, -0.004785418, 0.022939008, 0.0025299427, 0.007969239, -0.017669236, -0.010132687, 0.004291377, 0.0067422083, -0.031308647, 0.014504789, 0.009435217, 0.006948866, -0.0021957383, -0.008311516, -0.019981219, 0.010087481, -0.01503435, 0.014233551, 0.027020497, -0.050656974, -0.008757121, -0.013962313, 0.02302942, 0.025315572, -0.03603594, -0.034046862, 0.0017097698, -0.031024491, 0.014311047, 0.0015644636, -0.034847658, 0.023688141, -0.019425826, -0.010533086, 0.017062178, -0.034795996, -0.011256388, -0.0016936247, 0.0026397295, 0.0063999314, 0.048771225, 0.050966963, 0.0137944035, -0.00335173, -9.1946544E-4, -0.031411976, 0.0081758965, 0.018612111, -0.0097581195, 0.02681384, -0.015266839, -0.009712913, 0.042752318, 0.00720073, 0.007291143, -0.00912523, 0.006697002, 0.010823699, 0.030507848, -0.0026478022, -0.006813247, 0.004058887, -0.010539544, -3.3682788E-4, 0.018792937, 0.009990609, 0.011049731, -0.028131284, 0.015977226, 0.010888279, 0.0041460707, -0.006716376, -0.005279459, 0.0138719, 0.029293733, -0.012567373, 0.009312514, -0.0052181077, -0.021608649, -0.003474433, 0.015421833, -0.005137382, 0.035958447, -0.016907185, 0.013858984, 0.0011220869, -0.029216237, 0.04941703, 0.023210246, -0.035803452, -0.02104034, -0.007032821, -0.014143138, 0.00879587, 0.0047240667, 0.02286151, 0.012935482, -0.02383022, -0.0038490002, 0.04011743, -0.028699592, 0.01888335, 0.028725425, -0.025560977, 0.013729823, 0.0027527455, 0.05117362, -0.044147257, -0.0048047923, -0.007969239, 0.006086716, -0.011566374, -0.024036877, -0.004914579, -0.025715971, 0.004562615, -0.019193336, 0.0039587873, 0.00550872, -0.004297835, 0.016945934, 0.0169201, 0.04301064, 0.014853524, 0.017875893, 6.2108316E-5, -0.025018502, 0.021686146, -0.01841837, 0.0058994326, 0.027666304, 0.010126228, -0.010074564, -0.041073225, 0.015538078, 0.02512183, -0.028699592, 0.021647397, -0.06199732, 0.046188, 0.019852059, 0.039962437, 0.0098227, 0.004517409, -0.05641756, -0.0013352027, -0.026607182, -0.020885346, 0.0034356848, -0.0072201043, 0.005725065, 0.04616217, 0.006125464, 0.038774155, 0.023119833, 0.029448727, 0.0362426, -0.03342689, -0.018909182, 0.013090475, 0.004104093, -0.007032821, -0.04745378, -0.0493912, -0.02070452, -0.001612899, 0.029319566, -0.04068574, -0.011953858, -0.0431398, -0.0019600193, 0.03717256, -0.0258193, -0.034460176, 0.040789068, 0.00481125, 0.017669236, 0.029913707, 0.0011325813, 0.004230025, 0.020962844, 0.007924032, 0.04396643, 0.012199264, 3.1664647E-4, 0.0347185, 0.026917169, 0.01320672, 0.012786947, 0.009977694, -0.015848065, 0.0022183415, 0.022474028, -0.004207422, -0.01672636, -0.025225159, -0.01818588, 0.01533142, 0.024398528, -0.013251927, 0.002210269, -0.020136213, -0.01334234, 0.022151126, -0.03229027, -0.018599195, 0.019038344, -0.0035228685, 0.034925155, 0.0041299257, -0.0073686396, -0.022616105, 0.021608649, 0.025108915, -0.0069617825, 0.008479425, 0.031644464, -0.034356847, 0.0142723, -9.3964685E-4, 0.03474433, 0.001310985, 0.016287213, -0.005418307, -0.009712913, 0.007420304, 0.007614046, 0.042829815, -0.060912367, -0.026116371, -0.02641344, -0.018147131, 0.01340692, 0.0060544256, 0.025922628, 0.024734346, 0.0067486665, 0.0056669423, -0.01715259, 0.01778548, -0.015873896, -0.032806914, 9.2350174E-4, -0.02605179, 0.012238013, -0.015357252, -0.03285858, -0.008188812, 0.016080555, -0.014543538, 0.018366706, 0.03637176, 0.023184413, 0.022009049, 0.012431754, -0.026400525, 0.0074332203, -0.01735925, -0.028002122, 0.021285746, 0.014504789, 0.032729417, -0.0023636478, 0.005621736, 0.017100926, -0.0037456714, -0.0156026585, -0.018392539, 0.033556048, 0.005999532, 3.1483013E-4, 0.0285446, 0.003358188, -0.006464512, 0.024605187, -0.029112907, 0.024618102, -0.014026893, -0.015215175, -0.003030442, -0.005266543, 0.016700529, -0.04324313, -0.0023959382, 0.0048693726, 0.02435978, 0.030120363, -0.0044915765, 0.004549699, -0.021117836, -0.015641406, -0.037017565, -0.0058800583, -0.02395938, 0.047531277, 0.01928375, 0.0040072226, 0.012870901, -0.0013553841, -0.020252457, 0.010888279, 0.09015443, 0.023623561, 0.015396001, 0.0157964, 0.042855646, 0.017333416, 0.038851652, 0.020859515, -0.016713444, -0.027485479, 0.021363243, 0.0027366003, 0.035700124, 0.006729292, 0.020007052, 0.0019761645, -0.06731875, -0.029939538, -0.00766571, 0.013019437, 0.023378156, -7.095787E-4, 0.018780021, -0.008389012, 0.0072330204, 6.328893E-4, -0.0081758965, -0.03670758, -0.0258193, 0.04406976, 0.021195333, -0.003175748, 0.03458934, 0.013626494, -0.01795339, -1.4702164E-4, 0.0019535613, 0.0042106514, -0.0139364805, -0.0031967368, -0.0043624155, 0.012560915, 0.022176957, 0.01035226, 0.03125698, 0.0066582537, -0.008389012, 0.002436301, -0.039032478, 0.022357782, 0.040737405, -0.006684086, 0.017436747, -0.00428169, 0.0011600279, -0.0032274125, -0.0047369828, -0.04184819, 0.03810252, 0.024643933, 0.018224629, 3.6911815E-4, 0.016532619, 0.013135682, 0.012554457, 0.001503112, -0.0037747326, -0.01729467, 0.019141672, -0.019890806, -0.0048177084, 0.020317039, -0.0019035115, 0.014065642, -0.023094, 0.019826226, 0.013561914, -0.0028689904, 0.03040452, 0.017914642, -0.03342689, 0.0013763728, 0.015241007, 0.03205778, -0.010139145, -0.042984806, -0.03381437, -0.0151505945, -0.021311577, 0.011882819, 0.024011046, 0.019167505, 0.024514774, 0.012154058, -0.011682619, -0.007859452, -0.0025977523, -0.041124888, 0.010248932, 0.038180016, 0.024269367, 0.011191808, 0.013691074, 0.048383743, -0.020007052, 0.0016871666, -0.0040201386, -0.016338877, -0.009299598, 0.0048273955, 0.03089533, 0.0040201386, 0.005647568, -0.027149659, -0.017423829, -0.013445669, 0.009984151, 0.035803452, 0.0042106514, -0.012896734, 0.013445669, 0.010810782, 0.011107853, -0.020562444, 0.0129483985, -0.018534616, 0.044689734, 0.035028484, 0.023998128, -0.013768571, 0.014879356, 0.023158582, 0.0067228344, 0.007543007, 0.04316563, 0.025483482, -0.012418838, 0.01131451, 0.010358718, -0.0188446, -0.049287867, 0.009738745, 0.009648332, -0.019968303, 0.03288441, -0.017243003, -0.01290965, 0.010668705, -0.01755299, 0.035855114, 0.021647397, -0.0061771288, -0.0064871153, -0.016907185, -0.0045658443, 0.008317973, -0.02127283, 0.023946464, 0.021776559, -0.025767636, -0.0188446, -0.018896267, -0.018702524, 0.008698999, 0.016790941, 0.027588807, -0.029267902, -0.034356847, 0.008453593, -0.021117836, -0.023352323, 0.011010982, -0.01708801, 0.0078077875, -0.014672698, 7.543814E-4, 0.009441675, -0.008957321, -0.016248465, 0.022809846, -0.0300687, -0.020136213, -0.016313044, -0.015241007, 0.03750838, -0.001452255, -0.006780957, 8.266309E-4, -0.004643341, -0.011805323, 0.023739807, -0.0016395384, 0.013019437, 0.017217172, -0.004559386, 0.015137679, -0.0067615826, 0.016442206, 0.0010074564, 0.020924095, -0.045464702, 0.0038780614, -0.018263377, 0.016635947, 0.043398123, 0.024863508, -0.0016048264, 0.002160219, -0.024385612, 0.036423426, 0.020329954, 0.020549528, -0.050424486, 0.017798398, 0.0064225346, 0.01334234, -0.008001529, 0.021324495, 0.019542072, 0.011082021, -0.010313512, 0.008879825, -0.00929314, -0.037792534, -0.03342689, -0.0014490258, 0.029810378, -0.022654854, -0.013355256, -0.017772565, 0.023804387, 0.029267902, -0.02406271, 0.016003057, 0.020497864, -0.037792534, -0.0041622156, 0.0054441397, 0.018172964, -0.036190934, -0.038386673, -0.0037230682, 0.002279693, 0.029552056, -0.028518766, 0.017075095, -0.03836084, 0.014608119, 3.6649455E-4, -0.0091058565, -0.034331016, -0.011734284, 0.005156756, -0.050966963, -0.019206252, 0.014840608, 0.02751131, 0.009990609, -0.017346334, -0.021466572, 0.0071296915, 0.0020326725, -0.019929554, -0.0028770631, 0.024643933, -0.0063805575, 4.9323385E-4, -0.011385549, -7.293565E-4, 0.042623155, -0.0019503323, 0.0048047923, -0.0058929743, -0.01945166, -0.02833794, -0.022009049, -0.005369872, 0.0066582537, -4.026193E-4, -0.0044786604, -0.0050437404, -0.028389605, 0.049262036, 0.012987147, 0.01642929, -0.0106880795, -0.019903723, 0.0051599853, -0.018625028, -0.03169613, -0.036423426, -0.027123827, 7.551887E-4, -0.014840608, -0.012083019, 0.032781083, -0.003364646, -0.018909182, 0.012321967, 0.020032883, -0.011856987, 0.02810545, -0.016984683, -0.018405454, 0.014259383, 0.0026429587, 0.011036814, -0.040504914, 0.012890276, -0.013264843, 0.050295323, -0.020368703, -0.011030356, 0.0091639785, 0.004026597, -0.012502792, 0.01865086, -0.004824166, 0.011708452, 0.022874428, -0.012089477, 0.005050198, 0.0050792596, -0.01340692, -0.021582816, 0.011559917, -0.022990672, 0.021156585, 0.022331951, 0.0026591038, -0.029681217, 0.024992669, 0.029009579, 0.011798865, 0.047376283, 3.5317484E-5, -0.029681217, -0.010416841, 0.01509893, -0.01334234, -0.037379216, -0.016364709, 0.06509718, -0.013988145, 0.002027829, 0.030792002, -0.014556454, -0.0031515304, 0.024282284, 0.017669236, 0.008337348, -0.014750196, 0.009209185, -0.057760835, -0.006845537, -0.008227561, 0.044147257, -0.039910775, 0.017501326, 0.0043624155, -0.021376159, 0.021518236, -0.010565377, -0.01410439, 0.0016048264, 8.137148E-4, 0.022319036, -0.031153653, 0.06985031, -0.024166038, -0.031205317, 0.033297725, -6.171478E-4, -0.004320438, 0.018082552, 0.03763754, -0.016274296, 0.028492935, -0.0063611832, -0.022280287, 0.024424361, 0.005389246, -0.022383615, 0.0027592035, 0.008963779, -0.013129224, -0.031799458, 0.0026865504, -0.039574955 ],
  "verified" : null
}" }
	UserMessage { name = null contents = [TextContent { text = "Please show me a recipe with broccoli." }] }
	AiMessage { text = null, thinking = null, toolExecutionRequests = [ToolExecutionRequest { id = "call_hDnMJVSd3Fz2kcQBfgM5ajqq", name = "findTopRecipeMatches", arguments = "{"arg0":"broccoli","arg1":1}" }], attributes = {} }
	UserMessage { name = null contents = [TextContent { text = "Please show me a recipe with vegetables." }] }
	]
	tool_execution_results=[]
	}}
--------

